id,title,content,url,published_date,scrapped_date,domain
0,জেনেটিক রিস্ক অ্যাসেসমেন্ট টেস্ট কি? কেন করবেন? কোথায় করবেন?,"রোগ কখনও বলে কয়ে আসে না- এই কথাটা যে আসলে ঠিক নয়, তাই প্রমান করেছেন বর্তমান সময়ের জেনেটিক বিজ্ঞানীরা। বিভিন্ন গবেষণায় দেখা গেছে যে মানবদেহে যেকোনো জটিল ধরণের রোগ হওয়ার অনেক আগে থেকেই জিনগত মিউটেশন দেখা যায়। এই ক্ষেত্রে যথাযথ ব্যবস্থা গ্রহণের মাধ্যমে সম্ভাব্য রোগ এড়ানো সম্ভব হয়! সমস্ত বিশ্বব্যাপী এখন তাই জেনেটিক রিস্ক অ্যাসেসমেন্ট টেস্ট এর গুরুত্ব বাড়ছে। এই জেনেরিক রিস্ক অ্যাসেসমেন্ট টেস্টের মাধ্যমে যে কাউকে তার স্বাস্থ্যের বিভিন্ন অবস্থা, জিনগত প্রি-ডিসপোজিশন, কেমিক্যালের প্রতি স্বাস্থ্যের প্রতিক্রিয়া ইত্যাদি সম্পর্কে অবগত করা যায়।",http://www.neurogenbd.com/2018/02/26/genetic-risk-assessment-test/,"['February 26, 2018']",2020-09-21,www.neurogenbd.com
1,জেনেটিক রিস্ক অ্যাসেসমেন্ট টেস্ট কি? কেন করবেন? কোথায় করবেন?,"উন্নত বিশ্বের দেশগুলোতে ইতিমধ্যে জেনেটিক রিস্ক অ্যাসেসমেন্ট টেস্ট নিয়ে সচেতনতা বৃদ্ধি পাচ্ছে। এখন মানুষ আগের থেকে অনেক বেশী স্বাস্থ্যসচেতন, তাই আগের থেকে “জেনেটিক রিস্ক অ্যাসেসমেন্ট” জনপ্রিয়তাও বেড়েছে অনেক বেশী। এই টেস্টের দ্বারা যেকোনো রোগ হওয়ার পূর্বেই জেনেটিক রিস্ক ফ্যাক্টর সনাক্ত করে রোগ এড়ানো সম্ভব হচ্ছে। ফলে সেসব দেশে বিভিন্ন প্রাণঘাতী রোগে আক্রান্ত হওয়ার হার ধীরে ধীরে কমে আসছে। কিন্তু আমাদের দেশ এদিক দিয়ে অনেকখানি পিছিয়ে আছে। তবে আশার কথা হচ্ছে- বাংলাদেশে প্রথমবারের মত নিউরোজেন এই টেস্ট নিয়ে এসেছে। একটিমাত্র এই টেস্ট করলেই আপনি জানতে পারছেন আপনার ভবিষ্যতে কার্ডিয়াক অ্যারেস্ট, হৃদরোগ, ক্যান্সার, অটিজম, নিউরোসংক্রান্ত রোগব্যাধিসহ প্রায় ২৪,০০০ রোগের একটিও হবার সম্ভাবনা কতটুকু।",http://www.neurogenbd.com/2018/02/26/genetic-risk-assessment-test/,"['February 26, 2018']",2020-09-21,www.neurogenbd.com
2,জেনেটিক রিস্ক অ্যাসেসমেন্ট টেস্ট কি? কেন করবেন? কোথায় করবেন?,চলুন বিস্তারিত জেনে নেই জেনেটিক রিস্ক অ্যাসেসমেন্ট টেস্ট সম্পর্কে-,http://www.neurogenbd.com/2018/02/26/genetic-risk-assessment-test/,"['February 26, 2018']",2020-09-21,www.neurogenbd.com
3,জেনেটিক রিস্ক অ্যাসেসমেন্ট টেস্ট কি? কেন করবেন? কোথায় করবেন?,"জেনেটিক রিস্ক অ্যাসেসমেন্ট টেস্ট হচ্ছে এমন একটি টেস্ট, যার সাহায্যে অতি সহজেই জিনগত মিউটেশন সনাক্ত করনের মাধ্যমে বিভিন্ন জটিল ধরণের অসুখ হওয়ার সম্ভাবনা নিরুপন করা যায়। সাম্প্রতিক এক গবেষণায় দেখা গেছে যে, এই টেস্টের সাহায্যে জিনোম এর প্রায় ৬ লক্ষ পয়েন্টে চেক করা হয়, যার ফলে জিনের প্রায় ২৪,০০০ ধরণের ব্যাড মিউটেশন সনাক্ত করা সম্ভব। অর্থাৎ, এই টেস্টের দ্বারা প্রায় ২৪ হাজার রোগের সম্ভাবনা নির্ণয় করা যায়। এর মধ্যে বিভিন্ন ধরণের ক্যান্সার, হৃদরোগ থেকে শুরু করে নিউরো-ডিজেনারাটিভ ডিজিসসহ আরও ভয়ংকর সব প্রাণঘাতী অসুখ রয়েছে।",http://www.neurogenbd.com/2018/02/26/genetic-risk-assessment-test/,"['February 26, 2018']",2020-09-21,www.neurogenbd.com
4,জেনেটিক রিস্ক অ্যাসেসমেন্ট টেস্ট কি? কেন করবেন? কোথায় করবেন?,"সাধারণত থুতু থেকে প্রাপ্ত ডিএনএ থেকে জেনেটিক রিস্ক অ্যাসেসমেন্ট টেস্ট এর মাধ্যমে হাজারো ভিন্ন ভিন্ন জিন সম্বন্ধে জানা যায় যা বিভিন্ন ক্যান্সারসহ বিভিন্ন রোগের লক্ষণ সম্পর্কে উক্ত টেস্টকারীকে জানাতে সাহায্য করে। সাম্প্রতিক এক গবেষণায় দেখা গেছে যে, এই টেস্টের সাহায্যে জিনোম এর প্রায় ৬ লক্ষ পয়েন্টে চেক করা হয়, যার ফলে জিনের প্রায় ২৪,০০০ ধরণের ব্যাড মিউটেশন সনাক্ত করা সম্ভব। অর্থাৎ, এই টেস্টের দ্বারা প্রায় ২৪ হাজার রোগের সম্ভাবনা নির্ণয় করা যায়। এসব টেস্টের মাধ্যমে টেস্টকারীর হরমোনগত, জিনগত বা বংশগত কোন রোগ হবার সম্ভাবনা আদৌ আছে কি না (যেমন হেরেডিটারি হেমোক্রোমাটোসিস বা হেরেডিটারি থ্রম্বোফিলিয়া) সেটা সম্বন্ধেও জানা যায়। এসব টেস্ট থেকে প্রাপ্ত ফলাফল নিয়ে পরবর্তীতে উক্ত টেস্টকারী নিজের জীবনের রুটিন বা অভ্যাসগুলোকে প্রয়োজনমত বদলাতে পারেন।",http://www.neurogenbd.com/2018/02/26/genetic-risk-assessment-test/,"['February 26, 2018']",2020-09-21,www.neurogenbd.com
5,জেনেটিক রিস্ক অ্যাসেসমেন্ট টেস্ট কি? কেন করবেন? কোথায় করবেন?,"পুর্বেই বলেছি, জেনেটিক রিস্ক অ্যাসেসমেন্ট টেস্টের সাহায্যে যেকোনো ব্যাক্তির শরীরের জেনেটিক রিস্ক ফ্যাক্টরগুলো সনাক্ত করা সম্ভব। এই একটা টেস্ট করালে আপনি অনেক আগে থেকেই জানতে পারছেন আপনার প্রায় ২৪,০০০ রোগের মধ্যে একটিও হবার সম্ভাবনা আছে কি না। আগে থেকেই তখন আপনি আপনার ডাক্তারের সহযোগিতায় প্রয়োজনীয় ব্যবস্থা গ্রহণ করে বাকীজীবন কাটাতে পারছেন কোন চিন্তা ছাড়াই। তাই এই টেস্ট করাতে ভয়ের কিছু নেই, বরং এই টেস্টের মাধ্যমেই আপনি আপনার পরবর্তী জীবনে কিভাবে মারাত্মক সব প্রাণঘাতী রোগমুক্ত হয়ে থাকতে পারবেন সেটা বুঝতে পারবেন। আশা করা যাচ্ছে, বাংলাদেশে রিস্ক অ্যাসেসমেন্ট জেনেটিক টেস্ট প্রবর্তনের জন্য নিউরোজেনের এই যুগান্তকারী পদক্ষেপ এই ক্ষেত্রে ভালো ভূমিকা রাখতে সক্ষম হবে।",http://www.neurogenbd.com/2018/02/26/genetic-risk-assessment-test/,"['February 26, 2018']",2020-09-21,www.neurogenbd.com
6,জেনেটিক রিস্ক অ্যাসেসমেন্ট টেস্ট কি? কেন করবেন? কোথায় করবেন?,"প্রযুক্তিগত উন্নয়নের কারণে এখন এই জেনেটিক অ্যাসেসমেন্ট টেস্ট থেকে ব্যক্তিগত জিনোমিক ইনফরমেশানও পাওয়া যায়, যার মাধ্যমে বিভিন্ন ধরণের জিনগত তথ্যাদি পাওয়া যায়। বিভিন্ন স্বাস্থ্যসেবা প্রদানকারী সংগঠনের তাই এইসব টেস্ট সম্পর্কে অবগত থাকা উচিত কেননা আজকাল স্বাস্থ্যসচেতন মানুষেরা আস্তে আস্তে এসব টেস্টের গুরুত্ব সম্পর্কে বুঝতে পেরেছেন, আর যারা নিজস্ব ঐসব স্বাস্থ্যসেবা প্রদানকারী প্রতিষ্ঠানের দক্ষতা সম্পর্কে সন্তুষ্ট নন তারা চাইলে অনায়াসে নিজে নিজেই এই জেনেটিক অ্যাসেসমেন্ট টেস্টের ব্যক্তিগত জিনোমিক ইনফরমেশান পরীক্ষাটাও করাতে পারেন। কারণ অনেকেই এসব স্বাস্থ্য পরিসেবা দেওয়া প্রতিষ্ঠান কর্তৃক প্রদত্ত ফলাফল ও তাঁদের যোগ্যতা সম্পর্কে এর মধ্যেই প্রশ্ন তুলেছেন, ২০১৬ সালে নেওয়া একটা জরিপে এরকম তথ্যই উঠে এসেছে।",http://www.neurogenbd.com/2018/02/26/genetic-risk-assessment-test/,"['February 26, 2018']",2020-09-21,www.neurogenbd.com
7,জেনেটিক রিস্ক অ্যাসেসমেন্ট টেস্ট কি? কেন করবেন? কোথায় করবেন?,"কে, কখন, কীভাবে, কোন রোগে আক্রান্ত হবে তা কেউ জানে না। টেস্ট করা ব্যতিত আপনার পক্ষে কখনোই নিশ্চিত করে বলা সম্ভব নয় যে ভবিষ্যতে আপনি কোন ধরণের জটিল অসুখে আক্রান্ত হবেন না। তাই আমাদের প্রত্যেকের জন্য জেনেটিক রিস্ক অ্যাসেসমেন্ট টেস্ট প্রযোজ্য। অনেকের ধারণা যাদের বংশগত ভাবে ক্যান্সার কিংবা জটিল ধরণের অসুখ হওয়ার প্রবণতা আছে, তাদের জন্য এই টেস্ট। আসলে তা নয়। এই একটি টেস্টের সাহায্যে যেকোনো ব্যাক্তির শরীরের জেনেটিক রিস্ক ফ্যাক্টরগুলো সনাক্ত করা সম্ভব। এই একটা টেস্ট করালে আপনি অনেক আগে থেকেই জানতে পারছেন আপনার প্রায় ২৪,০০০ রোগের মধ্যে একটিও হবার সম্ভাবনা আছে কি না। তবে যদি কারো বংশগতভাবে ক্যান্সার, হৃদরোগ, নিউরোজনিত রোগ সহ জটিল ধরণের কোন রোগ হওয়ার প্রবণতা থেকে থাকে, তাহলে তার জন্য জেনেটিক রিস্ক অ্যাসেসমেন্ট টেস্ট করাটা অবশ্য কর্তব্ব্য।",http://www.neurogenbd.com/2018/02/26/genetic-risk-assessment-test/,"['February 26, 2018']",2020-09-21,www.neurogenbd.com
8,জেনেটিক রিস্ক অ্যাসেসমেন্ট টেস্ট কি? কেন করবেন? কোথায় করবেন?,"বাংলাদেশে জেনেটিক সায়েন্সের অগ্রগতিতে ভূমিকা রাখা প্রতিষ্ঠান- নিউরোজেন বাংলাদেশে প্রথমবারের মতো নিয়ে এসেছে জেনেটিক রিস্ক অ্যাসেসমেন্ট টেস্ট করার সুবিধা। নিউরজেনের আছে উন্নতমানের মেডিক্যাল প্রযুক্তি, যার সাহায্যে সফলভাবে এই টেস্ট করা সম্ভব। এই একটি সিঙ্গেল টেস্ট দ্বারা সব ধরণের জেনেটিক মিউটেশন নিরুপন করা সম্ভব। শুধু তাই নয়, আমাদের আছে একদল বিশ্বমানের জিনেটিক সায়েন্টিস্ট, যারা যেকোনো জেনেটিক সমস্যা নির্ণয় ও সমাধানে আপনাকে দিতে পারে সেরা সেবা।",http://www.neurogenbd.com/2018/02/26/genetic-risk-assessment-test/,"['February 26, 2018']",2020-09-21,www.neurogenbd.com
9,জেনেটিক রিস্ক অ্যাসেসমেন্ট টেস্ট কি? কেন করবেন? কোথায় করবেন?,"মনে রাখবেন, জেনেটিক রিস্ক অ্যাসেসমেন্ট টেস্টের সাহায্যে যেকোনো রোগের উপসর্গ প্রাথমিক অবস্থাতেই নির্ণয় করা সম্ভব। এবং জিনগত ত্রুটি সংশোধনের মাধ্যমে এই জাতীয় রোগ থেকে মুক্তি লাভ করা যায়। এই ব্যাপারে সাহায্য করতে নিউরোজেন সব সময় আছে আপনার পাশে। আপনার যেকোনো জিনগত সমস্যায় জেনেটিক টেস্টিং এবং কাউন্সেলিং এর প্রয়োজনে কথা বলার জন্য আজই নিউরোজেন এর বিশেষজ্ঞদের ",http://www.neurogenbd.com/2018/02/26/genetic-risk-assessment-test/,"['February 26, 2018']",2020-09-21,www.neurogenbd.com
10,জেনেটিক রিস্ক অ্যাসেসমেন্ট টেস্ট কি? কেন করবেন? কোথায় করবেন?,অথবা ফোন করুণ +8801787662575 নম্বরে।,http://www.neurogenbd.com/2018/02/26/genetic-risk-assessment-test/,"['February 26, 2018']",2020-09-21,www.neurogenbd.com
11,জেনেটিক রিস্ক অ্যাসেসমেন্ট টেস্ট কি? কেন করবেন? কোথায় করবেন?,এ সম্পর্কে বিস্তারিত জানতে পারবেন  ,http://www.neurogenbd.com/2018/02/26/genetic-risk-assessment-test/,"['February 26, 2018']",2020-09-21,www.neurogenbd.com
13,অটিজম জেনেটিক টেস্ট কি? এটি করে কীভাবে উপকৃত হতে পারেন?,"অটিজম স্পেকট্রাম ডিসঅর্ডার (এএসডি) কয়েকটি হেটেরোজিনাইযেড অবস্থার একটি মানসিক অবস্থার সেট, যা সামাজিক যোগাযোগের প্রথম দিকের দুরূহ অবস্থা এবং অস্বাভাবিকভাবে সীমিত, পুনরাবৃত্তিমূলক আচরণ এবং আগ্রহ দ্বারা চিহ্নিত। এএসডি হল উত্তরাধিকারীসূত্রে প্রাপ্ত নিউরোডেভেলপমেন্টাল কন্ডিশনের মধ্যে একটি। একজন এএসডি আক্রান্ত শিশুর ভাই বা বোনের ১০-২০% ঝুঁকি থাকে তার নিজের এএসডি হওয়ার, যা একাধিক ভাইবোন থাকলে বেড়ে দাঁড়ায় ৩০-৫০%।",http://www.neurogenbd.com/2017/09/28/autism-genetic-test/,"['September 28, 2017']",2020-09-21,www.neurogenbd.com
14,অটিজম জেনেটিক টেস্ট কি? এটি করে কীভাবে উপকৃত হতে পারেন?,"জেনেটিক টেস্টিং দ্বারা অটিজম নির্ণয় করে এর দ্রুত হস্তক্ষেপ করা সম্ভব, যার মাধ্যমে কিছু প্রাণঘাতী রোগের প্রতিরোধ-ও করা যায়। বিভিন্ন নির্দিষ্ট জেনেটিক ফ্যাক্টর বিবেচনা করে বাবা-মা’রা আরও সহজে বুঝতে পারবেন কেন তাদের সন্তানের এএসডি আছে।  এছাড়াও এই তথ্য দিয়ে বাবা-মা’রা তাদের সন্তানের জন্য পরবর্তী পরিকল্পনা নিজেদের পরিবার পরিকল্পনা ও প্রস্তুতি পর্যাপ্তভাবে নিতে পারবেন।",http://www.neurogenbd.com/2017/09/28/autism-genetic-test/,"['September 28, 2017']",2020-09-21,www.neurogenbd.com
15,অটিজম জেনেটিক টেস্ট কি? এটি করে কীভাবে উপকৃত হতে পারেন?,"জেনেটিক পরীক্ষার করানোর জন্য যুক্তি মূলত চিকিৎসাধীন ব্যাক্তির সঠিক চিকিৎসা নির্ণয় করার সাথে জড়িত। ক্লিনিকাল জেনেটেসিস্ট এই প্রক্রিয়ায় চিকিৎসাধীন ব্যাক্তির বাবা-মা ও ভাইবোনের পরীক্ষা ও মূল্যায়নের মাধ্যমে এই অনুসন্ধানে বিশেষ ভূমিকা রাখতে পারেন। এই ডাইয়াগনোসিস চূড়ান্ত করতে পরিবারের সকলের সহায়তা দরকার। এই মূল্যায়নের পর চিকিৎসার ঝুঁকি সনাক্ত করা যেতে পারে যা রোগ প্রতিরোধের জন্য স্ক্রীনিং এবং অন্যান্য সম্ভাব্য সমস্যার ব্যাপারে অবগতি দেয়, যা পরিবারের অন্যান্য সদস্যদের-ও যেকোনো ঝুঁকির পরামর্শ করতে গুরুত্বপূর্ণ ভূমিকা রাখে। সবশেষে, একটি যথাযথ মূল্যায়ন দ্বারা অন্যান্য ডাইয়াগনোস্টিক টেস্টের প্রয়োজন দূর করতে পারে। এইসব প্রত্যাশিত সুবিধার কারণে পরিবারের যেকোনো সদস্যের জন্য একটি জেনেটিক ইভ্যালুয়েশন করানো উচিৎ।",http://www.neurogenbd.com/2017/09/28/autism-genetic-test/,"['September 28, 2017']",2020-09-21,www.neurogenbd.com
16,অটিজম জেনেটিক টেস্ট কি? এটি করে কীভাবে উপকৃত হতে পারেন?,"সঠিক টেস্ট, চিকিৎসা, থেরাপি এবং কাউন্সেলিং এর মাধ্যমে শিশুদের ৯০ থেকে ৯৫ ভাগ জীবন আচরণ স্বাভাবিক গন্ডির মধ্যে নিয়ে আসা সম্ভব। বর্তমানে দেশের অনেক শিশুই অটিস্টিক হওয়া সত্তেও স্বাভাবিক জীবনের সাথে মানিয়ে চলতে সক্ষম হচ্ছে। এই জন্য আপনাকে সবচেয়ে বেশি সাহায্য করতে পারে নিউরোজেন। আমাদের আছে দেশের সেরা থেরাপিস্ট, জেনেটিক এক্সপার্ট এবং কাউন্সিলর। তারা আপনার শিশুর সুচিকিৎসা নিশ্চিত করতে বদ্ধ পরিকর। তাছাড়া আমরা বাংলাদেশে প্রথম প্রতিষ্ঠান যারা অটিজম জেনেটিক টেস্ট বাংলাদেশে বসে করানোর প্রযুক্তি নিয়ে এসেছি।",http://www.neurogenbd.com/2017/09/28/autism-genetic-test/,"['September 28, 2017']",2020-09-21,www.neurogenbd.com
18,অটিস্টিক শিশু এর বাবা-মাদের যে বিষয়গুলো জানা থাকা আবশ্যক।,প্রতিটি শিশুর বাবা-মা’র জেনে রাখা উচিত অটিজম স্পেকট্রাম ডিসর্ডার (এএসডি) কি এবং কিসের জন্য খেয়াল রাখা উচিত।,http://www.neurogenbd.com/2017/09/28/autistic-child/,"['September 28, 2017']",2020-09-21,www.neurogenbd.com
19,অটিস্টিক শিশু এর বাবা-মাদের যে বিষয়গুলো জানা থাকা আবশ্যক।,"আমেরিকান সাইকোলজিক্যাল এসোসিয়েশন নির্দেশিকা অনুযায়ী, অটিজম এর কারণে সাধারণত অন্যদের সাথে যোগাযোগের অসুবিধা হয়। সাধারণ কথোপকথনে তাদের উপযুক্তভাবে বুঝতে অসুবিধা হয় আর সঠিকভাবে উত্তর দিতে পারে না। এছাড়াও কথোপকথনে তারা দৃষ্টি সংযোগ রাখতে পারে না আর অন্যের ইশারা-ইঙ্গিত বুঝতে সমস্যা বোধ করে। এজন্য সমবয়সীদের সাথে অনেক শিশুদের বন্ধু মানাতে কঠিন হয়ে উঠে আর তাই তাদের থেকে ছোট বা বড়দের সান্নিধ্য পছন্দ। এছাড়াও নিজেদেরকে নির্বিঘ্ন রাখতে তারা কিছু গঠনগত রুটিনের উপর নির্ভরশীল হয়। যেকোনো ধরণের পরিবর্তন তাদের তীব্র যন্ত্রণার কারণ হয়ে উঠতে পারে। অনেকেরই কম বা বেশি অনুভূতি আছে যার কারণে সাধারণ বিষয়ে তাদের সেন্সরি অভিজ্ঞতা অন্যদের থেকে তীব্র হয়। উজ্জ্বল আলো, উচ্চ শব্দ, জামাকাপড়ের ট্যাগ, নতুন কোন গন্ধ তাদের জন্য বিব্রতকর হয়ে উঠে। এই ধরণের শিশুরা কখনো নিজেরা দুলতে থাকে বা হাত-পা ছোড়াছুড়ি করে, যা তাদের কিছুটা মানসিক প্রশান্তি দেয়, আর এসময় তাদের মনে হয় যেন তারা নিজেদের দুনিয়ায় মত্ত থাকে।",http://www.neurogenbd.com/2017/09/28/autistic-child/,"['September 28, 2017']",2020-09-21,www.neurogenbd.com
20,অটিস্টিক শিশু এর বাবা-মাদের যে বিষয়গুলো জানা থাকা আবশ্যক।,স্পেকট্রাম হল একটি পরিসর মাত্র । অটিজম স্পেকট্রামে থাকা যেকোনো ব্যাক্তির বিভিন্ন ধরণের উপসর্গ দেখা দিতে পারে। এদের মধ্যে কেউ কেউ আছে যাদের কোন ধরণের বাক-সমস্যা নেই কিন্তু সামাজিক সমাবেশ কোন ধরণের পরিবর্তনে তারা ব্যাপক বিব্রতবোধ করে আর তাদের আগ্রহে সঙ্কীর্ণতা আছে।,http://www.neurogenbd.com/2017/09/28/autistic-child/,"['September 28, 2017']",2020-09-21,www.neurogenbd.com
21,অটিস্টিক শিশু এর বাবা-মাদের যে বিষয়গুলো জানা থাকা আবশ্যক।,"আবার, অন্যদিকে এমনও আছে, যারা যেকোনো ব্যাপারে অত্যন্ত অসহায় থাকে এবং প্রায়শ অনধিগম্য হয়। তাদের সাধারণত জ্ঞানীয় অক্ষমতাও থাকে।",http://www.neurogenbd.com/2017/09/28/autistic-child/,"['September 28, 2017']",2020-09-21,www.neurogenbd.com
22,অটিস্টিক শিশু এর বাবা-মাদের যে বিষয়গুলো জানা থাকা আবশ্যক।,ন্যাশনাল ইন্সিটিউট অফ চাইল্ড হেল্‌থ অ্যান্ড হিউম্যান ডেভেলপমেন্ট(,http://www.neurogenbd.com/2017/09/28/autistic-child/,"['September 28, 2017']",2020-09-21,www.neurogenbd.com
23,অটিস্টিক শিশু এর বাবা-মাদের যে বিষয়গুলো জানা থাকা আবশ্যক।,আপনার শিশুর,http://www.neurogenbd.com/2017/09/28/autistic-child/,"['September 28, 2017']",2020-09-21,www.neurogenbd.com
24,অটিস্টিক শিশু এর বাবা-মাদের যে বিষয়গুলো জানা থাকা আবশ্যক।,অটিজম নির্ণয়ের জন্য পাঁচটি সম্ভব নির্ণায়ক দিয়েছে।,http://www.neurogenbd.com/2017/09/28/autistic-child/,"['September 28, 2017']",2020-09-21,www.neurogenbd.com
25,অটিস্টিক শিশু এর বাবা-মাদের যে বিষয়গুলো জানা থাকা আবশ্যক।,"যদিও এই বিষয়গুলো বাচ্চাদের এক বছর বয়স হওয়ার আগেই দেখা যায়, ১৮ মাস বা দুই বছর বয়সে এই লক্ষণ দেখা অস্বাভাবিক।",http://www.neurogenbd.com/2017/09/28/autistic-child/,"['September 28, 2017']",2020-09-21,www.neurogenbd.com
26,অটিস্টিক শিশু এর বাবা-মাদের যে বিষয়গুলো জানা থাকা আবশ্যক।,"এই মুহূর্তে এএসডি এর কোন ঔষধ বা চিকিৎসা নেই কিন্তু গবেষণা থেকে দেখা গেছে যে, হাতে সময় থাকতে কিছু হস্তক্ষেপ করা হলে তা ভবিষ্যতে সুপ্রভাব রাখতে পারে। একটি শিশুর মানসিক বৃদ্ধির জন্য ৩ বছর বয়সের আগে এই হস্তক্ষেপের মাধ্যমে তার জীবনে আর ভালো প্রভাব ফেলবে। নিউরোজেনে এই থেরাপি সার্ভিসগুলো দিয়ে থাকে, যার মাধ্যমে একটি শিশু স্বাভাবিক কথোপকথনে সহায়তা করে। কিছু বাচ্চারা এর মাধ্যমে এত উপকৃত হয় যে তাদের মধ্যে থেকে বাক-সমস্যা সম্পূর্ণ দূর হয়ে যায়; অন্যদের ব্যাপক উন্নতি হয়।",http://www.neurogenbd.com/2017/09/28/autistic-child/,"['September 28, 2017']",2020-09-21,www.neurogenbd.com
27,অটিস্টিক শিশু এর বাবা-মাদের যে বিষয়গুলো জানা থাকা আবশ্যক।,প্রথম জানাতে হবে পিডিয়াট্রিশানকে। আপনার সকল উদ্বেগ ও কথার ব্যাপারে জানান এবং একটি মূল্যায়নের জন্য বা একটি উপযুক্ত মূল্যায়ন দল রেফারেলের জন্য জিজ্ঞেস করুন। আপনার সন্তান ৩ বছরের নিচে হলে নিকটস্থ Early Intervention center এর সাথে বা আপনার শহরের স্কুল সিস্টেমের মাধ্যমে কী সাহায্য পেতে পারেন তার ব্যাপারে যোগাযোগ করুন নিউরোজেন এর সাথে।,http://www.neurogenbd.com/2017/09/28/autistic-child/,"['September 28, 2017']",2020-09-21,www.neurogenbd.com
28,অটিস্টিক শিশু এর বাবা-মাদের যে বিষয়গুলো জানা থাকা আবশ্যক।,"সঠিক টেস্ট, চিকিৎসা, থেরাপি এবং কাউন্সেলিং এর মাধ্যমে শিশুদের ৯০ থেকে ৯৫ ভাগ জীবন আচরণ স্বাভাবিক গন্ডির মধ্যে নিয়ে আসা সম্ভব। বর্তমানে দেশের অনেক শিশুই অটিস্টিক হওয়া সত্তেও স্বাভাবিক জীবনের সাথে মানিয়ে চলতে সক্ষম হচ্ছে। এই জন্য আপনাকে সবচেয়ে বেশি সাহায্য করতে পারে নিউরোজেন। আমাদের আছে দেশের সেরা থেরাপিস্ট, জেনেটিক এক্সপার্ট এবং কাউন্সিলর। তারা আপনার শিশুর সুচিকিৎসা নিশ্চিত করতে বদ্ধ পরিকর। ",http://www.neurogenbd.com/2017/09/28/autistic-child/,"['September 28, 2017']",2020-09-21,www.neurogenbd.com
30,"আপনি যে ব্রেস্ট ক্যান্সার এর ঝুঁকির মধ্যে আছেন, তা জানেন কি? অথচ সমাধান আছে হাতের নাগালেই!","আমাদের মতো স্বল্পোন্নত দেশে সাধারণ মানুষের দৃষ্টিতে “ক্যান্সার” একটি ভীতিকর রোগের নাম। ক্যান্সারের মধ্যে আবার স্তন ক্যান্সার সম্পর্কে কথাটি বিশেষভাবে প্রযোজ্য। বিশেষত মহিলাদের ক্ষেত্রে। সারা বিশ্বে স্তন ক্যান্সার মহিলাদের অন্যতম প্রাণঘাতী রোগ হিসেবে চিহ্নিত হয়েছে। গত কয়েক বছরের তুলনায় ইদানীং স্তন ক্যান্সারে আক্রান্তের সংখ্যা অনেক বেড়ে গিয়েছে। শুধু নারীরাই নয়। স্তন ক্যান্সারের ঝুঁকিতে রয়েছেন পুরুষেরাও। আমাদের দেশে স্তন ক্যান্সার সম্পর্কিত যথাযথ তথ্য সংরক্ষণ না হলেও কিছু বেসরকারী সংস্থা, গণমাধ্যম এবং কিছু গবেষণায় এ রোগের প্রবণতা ও ভয়াবহতা লক্ষ্য করা যায়। বিভিন্ন সূত্র অনুযায়ী জানা যায় দেশে প্রতিবছর ৩৫ হাজার নারী স্তন ক্যান্সারে আক্রান্ত হয়ে মৃত্যুবরণ করছেন। দেশের বিভিন্ন জাতীয় পত্রিকার রিপোর্টে বলা হয়েছে, ১০ লাখ ক্যান্সার রোগীর মধ্যে স্তন ক্যান্সারে আক্রান্ত হওয়া রোগীর সংখ্যা প্রায় ১ লাখ ২০ হাজার।",http://www.neurogenbd.com/2017/09/28/breast-cancer-risks/,"['September 28, 2017']",2020-09-21,www.neurogenbd.com
31,"আপনি যে ব্রেস্ট ক্যান্সার এর ঝুঁকির মধ্যে আছেন, তা জানেন কি? অথচ সমাধান আছে হাতের নাগালেই!","এক সমীক্ষায় দেখা গেছে চট্টগ্রাম মেডিকেল কলেজ হাসপাতালে ১৯৯০ হতে ১৯৯৭ সাল পর্যন্ত প্রায় ৯ হাজার রোগীর মধ্যে স্তন ক্যান্সারে আক্রান্ত রোগীর সংখ্যা শতকরা ১৫.৮৫%, এবং ঢাকা মেডিকেল কলেজ হাসপাতালে ১৭%। যদিও আমাদের দেশে স্তন ক্যান্সারে আক্রান্ত রোগীর সার্বিক চিত্র যথযথভাবে সংরক্ষণ করা হয়নি, কিন্তু বাস্তবতা হচ্ছে এ রোগে আক্রান্তের হার দিন দিন বেড়েই চলেছে।  বাংলাদেশে প্রায় ১৩ থেকে ১৫ লক্ষ ক্যান্সার আক্রান্ত রোগী আছে যাদের মধ্যে ২৬% এই স্তন ক্যান্সারে আক্রান্ত। প্রতি ৮ জন নারীর মধ্যে একজনের স্তন ক্যান্সার হবার সম্ভাবনা আছে, যেটা কিনা বেশ ভীতিকর একটি তথ্য।",http://www.neurogenbd.com/2017/09/28/breast-cancer-risks/,"['September 28, 2017']",2020-09-21,www.neurogenbd.com
32,"আপনি যে ব্রেস্ট ক্যান্সার এর ঝুঁকির মধ্যে আছেন, তা জানেন কি? অথচ সমাধান আছে হাতের নাগালেই!","সবচেয়ে ভীতিকর বিষয় হচ্ছে- স্তন ক্যান্সারের মারাত্মক ঝুঁকির মধ্যে থাকা সত্ত্বেও আমাদের দেশের বেশিরভাগ নারীরা স্তন ক্যান্সার কি, এটি কেন হয় এবং কীভাবে প্রতিরোধ করা যায় ইত্যাদি বিষয়ে সচেতন নন। সাধারণত, স্তনের কিছু কোষ যখন অস্বাভাবিকভাবে বেড়ে উঠে তখন স্তন ক্যান্সার হতে দেখা যায়। অন্ততপক্ষে দশ শতাংশ মানুষের স্তন ক্যান্সার হয় জীনগত কারণে, বাকী ৯০ শতাংশের স্তন ক্যান্সার হবার পেছনে অন্যান্য কারণ দায়ী। জেনেটিক কিছু কারণে মানুষ স্তন ক্যান্সারে আক্রান্ত হন। বিআরসিএ১, বিআরসিএ২ নামের জিনের মিউটেশন ৫% থেকে ১০% স্তন ক্যান্সারের জন্য দায়ী থাকে।",http://www.neurogenbd.com/2017/09/28/breast-cancer-risks/,"['September 28, 2017']",2020-09-21,www.neurogenbd.com
33,"আপনি যে ব্রেস্ট ক্যান্সার এর ঝুঁকির মধ্যে আছেন, তা জানেন কি? অথচ সমাধান আছে হাতের নাগালেই!","যেসব মহিলাদের মা, খালা, দাদি-নানী কিংবা পরিবারের অন্য কোন বয়োজ্যেষ্ঠ মহিলা ইতিমধ্যে ব্রেস্ট ক্যান্সারে আক্রান্ত হয়েছেন, তারা নিঃসন্দেহে ঝুঁকির মধ্যে আছেন। যেহেতু এ রোগটির নির্দিষ্ট কোনও কারণ আজ পর্যন্ত জানা যায়নি, তাই এই রোগ এড়ানোর জন্য নির্দিষ্ট কোনো উপায় বলা যায় না। কিন্তু আশার কথা হচ্ছে, স্তন ক্যান্সার যত মরণব্যাধিই হোক না কেন, সঠিক সময়ে সঠিক প্রতিরোধব্যবস্থা পারে স্তন ক্যান্সারের হাত থেকে রোগীকে রক্ষা করতে। আগে থেকে যদি বিভিন্ন পরীক্ষা নিরীক্ষার মাধ্যমে স্তন ক্যান্সার সনাক্ত করা যায়, তবে এই রোগ থেকে সম্পূর্ণ আরোগ্য সম্ভব।",http://www.neurogenbd.com/2017/09/28/breast-cancer-risks/,"['September 28, 2017']",2020-09-21,www.neurogenbd.com
34,"আপনি যে ব্রেস্ট ক্যান্সার এর ঝুঁকির মধ্যে আছেন, তা জানেন কি? অথচ সমাধান আছে হাতের নাগালেই!","ব্রেস্ট ক্যান্সার আদৌ হয়েছে কি না, সেটা জানার জন্য বর্তমানে বাংলাদেশে সবচাইতে কার্যকরী মাধ্যম হচ্ছে জিনেটিক টেস্ট করা। আর বাংলাদেশে বর্তমানে এই জিনেটিক টেস্ট সবচেয়ে সফলভাবে চালিয়ে যাচ্ছে ",http://www.neurogenbd.com/2017/09/28/breast-cancer-risks/,"['September 28, 2017']",2020-09-21,www.neurogenbd.com
35,"আপনি যে ব্রেস্ট ক্যান্সার এর ঝুঁকির মধ্যে আছেন, তা জানেন কি? অথচ সমাধান আছে হাতের নাগালেই!","‘। ব্রেস্ট ক্যান্সার সনাক্তকরণে এই জিনেটিক টেস্ট তাই সবচেয়ে বেশী কার্যকরী। নিউরোজেন BC Plus জিন প্যানেল এ Next Generation Sequencing Technology ব্যবহার করে BRCA 1, BRCA 2, p53 ও HER2 জিনের সম্পূর্ণ Functional DNA Sequence করানো হয়। এই নিউরোজেন জিন প্যানেলের মাধ্যমে ক্ষতিকর সম্ভাব্য সকল মিউটেশান সনাক্ত করা হয়। তখন ক্ষতিকর এই মিউটেশান আগেভাগে সনাক্ত করা সম্ভব হলে টিউমার ক্যান্সারে রূপান্তরিত হবার আগেই সুচিকিৎসার মাধ্যমে ক্যান্সার নিরাময় করা যায়। নিউরজেনের আছে একঝাঁক নিবেদিত প্রান জেনেটিক বিশেষজ্ঞ এবং ক্লিনিক্যাল সায়িন্টিস্ট যারা ইতিমধ্যে ব্রেস্ট ক্যান্সারের সম্ভাবনা নিরূপণ এবং যথাযোগ্য ট্রিটমেন্ট দ্বারা বাংলাদেশের অনেক নারীকে এই জীবনঘাতি রোগে আক্রান্ত হওয়ার হাত থেকে বাঁচিয়েছেন।",http://www.neurogenbd.com/2017/09/28/breast-cancer-risks/,"['September 28, 2017']",2020-09-21,www.neurogenbd.com
37,অটিজম সম্পর্কে আমাদের সবারই যা জানা প্রয়োজন,"মস্তিষ্কের স্বাভাবিক বৃদ্ধির বা পরিপক্বতার হেরফেরের কারণেই একটি শিশু অটিজমে আক্রান্ত হয়। কিন্তু কেন এই হেরফের, তা অজানা। তবে গবেষকরা মনে করেন নিচের কারণগুলো অটিজমের জন্য প্রভাবক হিসেবে কাজ করে।",http://www.neurogenbd.com/2017/08/29/autism-knowledge/,"['August 29, 2017']",2020-09-21,www.neurogenbd.com
38,অটিজম সম্পর্কে আমাদের সবারই যা জানা প্রয়োজন,১. জিনগত সমস্যা,http://www.neurogenbd.com/2017/08/29/autism-knowledge/,"['August 29, 2017']",2020-09-21,www.neurogenbd.com
39,অটিজম সম্পর্কে আমাদের সবারই যা জানা প্রয়োজন,"
২. রোগজীবাণুর সংক্রমণ",http://www.neurogenbd.com/2017/08/29/autism-knowledge/,"['August 29, 2017']",2020-09-21,www.neurogenbd.com
40,অটিজম সম্পর্কে আমাদের সবারই যা জানা প্রয়োজন,"
৩. শরীরের বিপাক প্রক্রিয়ায় গোলমাল",http://www.neurogenbd.com/2017/08/29/autism-knowledge/,"['August 29, 2017']",2020-09-21,www.neurogenbd.com
41,অটিজম সম্পর্কে আমাদের সবারই যা জানা প্রয়োজন,"
৪. পরিবেশগত সমস্যা",http://www.neurogenbd.com/2017/08/29/autism-knowledge/,"['August 29, 2017']",2020-09-21,www.neurogenbd.com
42,অটিজম সম্পর্কে আমাদের সবারই যা জানা প্রয়োজন,"যেহেতু এটি একটি সমষ্টিগত আচরণের সমস্যা, তাই অনেক অটিস্টিক শিশুর সব লক্ষণ থাকে না। তবে ‘অটিজম স্পেকট্রাম অব ডিজঅর্ডার’ বা অটিজমের লক্ষণ গুলোকে তিনটি প্রধান ক্যাটাগরিতে ভাগ করা যেতে পারে:",http://www.neurogenbd.com/2017/08/29/autism-knowledge/,"['August 29, 2017']",2020-09-21,www.neurogenbd.com
43,অটিজম সম্পর্কে আমাদের সবারই যা জানা প্রয়োজন,"যত দ্রুত অটিজম রোগটি সনাক্ত করা যায়, শিশুর জন্য ততই মঙ্গল। সাধারণত ৩ বছর বয়সের পর শিশুটি অটিজমে আক্রান্ত কিনা তা দ্ব্যর্থহীনভাবে সনাক্ত করা সম্ভব হয়। তবে মা-বাবারা সচেতন থাকলে ও বাচ্চার আচরণের দিকে ভাল ভাবে লক্ষ্য রাখলে ১২ থেকে ১৮ মাসের মধ্যেই সমস্যাটি আঁচ করতে পারবেন। এই ক্ষেত্রে যে বৈশিষ্ট্যগুলোর মাধ্যমে অটিজম সনাক্তকরণ সম্ভব তা হল:",http://www.neurogenbd.com/2017/08/29/autism-knowledge/,"['August 29, 2017']",2020-09-21,www.neurogenbd.com
44,অটিজম সম্পর্কে আমাদের সবারই যা জানা প্রয়োজন,সাধারণত অটিজমে আক্রান্ত শিশুদের ৪টি পর্যায়ে ভাগ করা হয়। বয়সের সাথে নয় বরং প্রতিটি শিশুর সামর্থের উপর তার পর্যায় নির্ভর করে।,http://www.neurogenbd.com/2017/08/29/autism-knowledge/,"['August 29, 2017']",2020-09-21,www.neurogenbd.com
45,অটিজম সম্পর্কে আমাদের সবারই যা জানা প্রয়োজন, এই পর্যায়ে শিশুরা আত্মকেন্দ্রিক থেকে এবং আপন মনে একাকী খেলতে পছন্দ করে। এরা সাধারণত কোন আদেশ-নিষেধ অথবা নির্দেশ বুঝতে পারে না ও পালন করে না।,http://www.neurogenbd.com/2017/08/29/autism-knowledge/,"['August 29, 2017']",2020-09-21,www.neurogenbd.com
46,অটিজম সম্পর্কে আমাদের সবারই যা জানা প্রয়োজন, এই পর্যায়ের শিশুরা শারীরিক অঙ্গভঙ্গির মাধ্যমে খুব কাছের লোকদের সাথে অল্প সময়ের জন্য যোগাযোগ স্থাপন করে এবং তাদের চাহিদা পূরণ করার জন্য অনুরোধ করে।,http://www.neurogenbd.com/2017/08/29/autism-knowledge/,"['August 29, 2017']",2020-09-21,www.neurogenbd.com
47,অটিজম সম্পর্কে আমাদের সবারই যা জানা প্রয়োজন, এই পর্যায়ের শিশুরা কিছু প্রচলিত শব্দ বুঝতে পারে এবং অতি পরিচিত মানুষের সাথে অল্প সময়ের জন্য যোগাযোগ স্থাপন করতে পারে। তারা ছোটখাট আদেশ-নির্দেশ পালন করতে পারে।,http://www.neurogenbd.com/2017/08/29/autism-knowledge/,"['August 29, 2017']",2020-09-21,www.neurogenbd.com
48,অটিজম সম্পর্কে আমাদের সবারই যা জানা প্রয়োজন, এই পর্যায়ের শিশুরা পরিচিত সমবয়সী শিশুদের সাথে অল্প সময়ের জন্য খেলা করে। ভাষায় দক্ষতা একটু ভালো এবং অন্যদের সাথে যোগাযোগ স্থাপন করতে সক্ষম হয়।,http://www.neurogenbd.com/2017/08/29/autism-knowledge/,"['August 29, 2017']",2020-09-21,www.neurogenbd.com
49,অটিজম সম্পর্কে আমাদের সবারই যা জানা প্রয়োজন,"অটিস্টিক শিশুদের যোগাযোগে ভিন্নতা থাকে। যেহেতু তারা প্রচলিত সামাজিকতার বিষয়টি অনুধাবন করতে পারে না, তাই তারা নিজস্ব পদ্ধতিতে অনুভূতিগুলো প্রকাশ করে। অনেক অটিস্টিক শিশু সারা জীবনেও কথা বলে না। কিছু শিশু প্রথম দিকে মুখ দিয়ে কোনো শব্দ করে (উহ্, আহ্, বাহ্), কিন্তু হঠাৎ তা বন্ধও করে দেয়। কোন কোন শিশু আবার দেরিতে কথা বলে। কেউবা আবার অগোছালো ও অর্থহীন কথা বলে। কোন কোন শিশু একই কথা বা শব্দ বারবার বলতে থাকে। আসলে সে তার অনুভূতি বোঝাতে চায়, কিন্তু পারে না।",http://www.neurogenbd.com/2017/08/29/autism-knowledge/,"['August 29, 2017']",2020-09-21,www.neurogenbd.com
50,অটিজম সম্পর্কে আমাদের সবারই যা জানা প্রয়োজন,"তাই দেখা যায় অটিস্টিক শিশুরা মাথা নেড়ে, হাত নেড়ে, কোনো নির্দিষ্ট অঙ্গ ভঙ্গিমায় তার মনের ভাব প্রকাশ করে। যেমন হাঁ-বোধক, না-বোধক অনুভূতি মাথা নেড়ে বোঝায় অথবা খিদে পেলে প্লেটের কাছে, ফ্রিজের কাছে, চুলার কাছে অন্যকে টেনে নিয়ে যায়। পেটে হাত দিয়ে বসে থাকে। বাইরে যাওয়ার জন্য দরজার কাছে টেনে নিয়ে যায়, কোনো কিছু চাওয়ার থাকলে চিৎকার করে, রেগে যায়, মন খারাপ করে।",http://www.neurogenbd.com/2017/08/29/autism-knowledge/,"['August 29, 2017']",2020-09-21,www.neurogenbd.com
51,অটিজম সম্পর্কে আমাদের সবারই যা জানা প্রয়োজন,"একটি নিজস্ব রুটিনমাফিক জীবন তারা বেছে নেয়। যেমন একটি নির্দিষ্ট সময় ঘুম থেকে উঠে, খায়, ছবি আঁকে ইত্যাদি। কিন্তু এই রুটিনের ব্যত্যয় ঘটলে তারা মানতে পারে না। রেগে গিয়ে জিনিসপত্র নষ্ট করে।",http://www.neurogenbd.com/2017/08/29/autism-knowledge/,"['August 29, 2017']",2020-09-21,www.neurogenbd.com
52,অটিজম সম্পর্কে আমাদের সবারই যা জানা প্রয়োজন,"অটিজম রয়েছে এমন শিশুদের মধ্যে ১০ থেকে ২০ শতাংশ চার থেকে ছয় বছর বয়সের মধ্যে মোটামুটি সুস্থ হয়ে ওঠে এবং সাধারণ স্কুলে স্বাভাবিক শিশুদের সঙ্গে পড়ালেখা করতে পারে। আরও ১০ থেকে ২০ শতাংশ শিশু স্বাভাবিক শিশুদের সঙ্গে পড়ালেখা করতে পারে না। তারা বাসায় থাকে বা তাদের জন্য প্রয়োজন হয় বিশেষায়িত স্কুল ও বিশেষ প্রশিক্ষণের। বিশেষায়িত স্কুলে পড়ে, ভাষাসহ বিভিন্ন ধরনের প্রশিক্ষণ নিয়ে তারা সমাজে মোটামুটি স্বাভাবিক অবস্থান করে নেয়। কিন্তু বাদবাকি প্রায় ৬০ শতাংশ শিশু যাদের অটিজম আছে, তারা সহায়তা পাওয়ার পরও স্বাধীন বা এককভাবে জীবন অতিবাহিত করতে পারে না। তাদের জন্য প্রয়োজন হয় দীর্ঘদিন; প্রায় সারা জীবনের জন্য অন্যের ওপর নির্ভরতা। তা ছাড়া বিশেষ আবাসন, নার্সিং কেয়ারের প্রয়োজন হয় তাদের। ধৈর্য সহকারে অটিস্টিক শিশুটিকে যে সব বিষয়ে প্রশিক্ষন দিতে হবে সেগুলো নিম্নরূপ:",http://www.neurogenbd.com/2017/08/29/autism-knowledge/,"['August 29, 2017']",2020-09-21,www.neurogenbd.com
53,অটিজম সম্পর্কে আমাদের সবারই যা জানা প্রয়োজন,"স্বাবলম্বীতা বিকাশঃ বেঁচে থাকার জন্য যে কাজগুলো করা অবশ্যই দরকার সেগুলো প্রশিক্ষণ দিতে হবে যেমনঃ টয়লেট ও ওয়াশ করা, জামা ও জুতা পরিধান করা, দাঁত ব্রাশ করতে পারা, মাথা আচরাতে পারা, নিজে নিজে খেতে পারা ইত্যাদি। খাওয়ার এবং ঘুমের প্রতি বিশেষ লক্ষ্য রাখতে হবে যাতে খুব বেশি খেয়ে মুটিয়ে না যায় এবং দিনের বেলা ঘুমিয়ে রাতে নিজে এবং অন্য সকলের ঘুমের ব্যাঘাত না ঘটায়।",http://www.neurogenbd.com/2017/08/29/autism-knowledge/,"['August 29, 2017']",2020-09-21,www.neurogenbd.com
54,অটিজম সম্পর্কে আমাদের সবারই যা জানা প্রয়োজন,এই ধরনের শিশুদের সংবেদনশীতা অত্যান্ত প্রখর অথবা অপ্রতুল হওয়াতে তাদের সংবেদনশীলতার সমম্বয় না করা হলে কোন কিছু শিখতে কিংবা মনসংযোগ করতে অনেক বিলম্ব হয়। বর্তমানে এ ধরনের শিশুদের প্রশিক্ষণের জন্য এই বিষয়টি অত্যন্ত গুরুত্বের সাথে বিবেচিত হচ্ছে।,http://www.neurogenbd.com/2017/08/29/autism-knowledge/,"['August 29, 2017']",2020-09-21,www.neurogenbd.com
55,অটিজম সম্পর্কে আমাদের সবারই যা জানা প্রয়োজন,"ফিজিও এবং অকুপেশনাল প্রশিক্ষণঃ অনেক অটিষ্টিক শিশুর বিভিন্ন মাংসপেশী, চোখ ও হাতের যথাযথ সমম্বয় এবং শরীরের বিভিন্ন অঙ্গ-প্রত্যঙ্গ যথাযথভাবে পরিপক্কতা ও পরিপূর্ণতার ঘাটতি থাকে। যথাযথ ফিজিওথেরাপি এবং অকুপেশনাল থেরাপি প্রয়োগ করলে এসব ক্ষেত্রে বেশ কার্যকরী ফলাফাল পাওয়ার সম্ভাবনা থাকে। প্রশিক্ষণের সাথে সাথে এ বিষয়টিকেও গুরুত্বের সাথে লক্ষ্য রাখতে হবে।",http://www.neurogenbd.com/2017/08/29/autism-knowledge/,"['August 29, 2017']",2020-09-21,www.neurogenbd.com
56,অটিজম সম্পর্কে আমাদের সবারই যা জানা প্রয়োজন,অটিষ্টিক শিশুদের কথা ও ভাষা প্রশিক্ষণ অন্যান্যদের চেয়ে বেশ কঠিন কারণ তারা চঞ্চল এবং বেশিক্ষণ মনসংযোগ করতে পারে না। কথা ও ভাষা শিক্ষণের জন্য নিম্নলিখিত বিষয়গুলোর প্রতি লক্ষ্য রাখতে হবেঃ,http://www.neurogenbd.com/2017/08/29/autism-knowledge/,"['August 29, 2017']",2020-09-21,www.neurogenbd.com
57,অটিজম সম্পর্কে আমাদের সবারই যা জানা প্রয়োজন,অটিষ্টিক শিশুদের প্রয়োজনীয় সামাজিক আচরণ শেখাতে হবে। এক্ষেত্রে যেসব কার্যক্রম করতে হবে তা নিম্নরূপঃ,http://www.neurogenbd.com/2017/08/29/autism-knowledge/,"['August 29, 2017']",2020-09-21,www.neurogenbd.com
58,অটিজম সম্পর্কে আমাদের সবারই যা জানা প্রয়োজন,"প্রথমেই নিশ্চিত হোন আপনার শিশুটি কি কি জিনিস, বিষয়, খাবার, খেলনা ইত্যাদি খুব পছন্দ করে। এগুলো প্রশিক্ষণ সহায়ক শক্তি হিসেবে ব্যবহার করতে হবে। প্রশিক্ষণ সহায়ক বিষয়টিকে শিশুর দৃষ্টিসীমার মধ্যে রেখে তাকে আস্বস্ত করতে হবে যে নির্দেশিত কাজটি করলে তার পছন্দের জিনিসটি দেয়া হবে। এভাবে শিক্ষণীয় কাজটি সে নির্ভুল করে একনাগাড়ে ৩-৫ বার করতে পারলে তার চাহিদা পূরণ করতে হবে এবং তাকে পুরস্কৃত করতে হবে। এছাড়া নিম্নলিখিত বিষয়গুলো লক্ষ্য রাখতে হবেঃ",http://www.neurogenbd.com/2017/08/29/autism-knowledge/,"['August 29, 2017']",2020-09-21,www.neurogenbd.com
59,অটিজম সম্পর্কে আমাদের সবারই যা জানা প্রয়োজন,"এছাড়া মনোযোগ দক্ষতা, অনুকরণ দক্ষতা, ভাষা বোঝা এবং নিজেকে প্রকাশ করার দক্ষতার জন্য যেসব অনুশীলন আছে যেমন-মালাগাঁথা, আয়নার সামনে দাঁড়িয়ে টিপ পরা ইত্যাদি নানাবিধ কার্যক্রম এই ধরনের শিশুদের প্রশিক্ষণে গুরুত্বপূর্ণ ভূমিকা রাখতে পারে।",http://www.neurogenbd.com/2017/08/29/autism-knowledge/,"['August 29, 2017']",2020-09-21,www.neurogenbd.com
60,অটিজম সম্পর্কে আমাদের সবারই যা জানা প্রয়োজন,"
অটিজমের সঙ্গে বিকাশগত অক্ষমতা ও নিউরো-বায়োলজিক্যাল ডিজঅর্ডার জড়িত। জন্মের তিন বছরের মধ্যেই এটা প্রকাশ পায় এবং আক্রান্ত ব্যক্তি আজীবন এই অক্ষমতার সমস্যায় ভোগে।",http://www.neurogenbd.com/2017/08/29/autism-knowledge/,"['August 29, 2017']",2020-09-21,www.neurogenbd.com
61,অটিজম সম্পর্কে আমাদের সবারই যা জানা প্রয়োজন,"
অনেকের ধারনা মাম্পস-মিসেলস-রুবেলা (গগজ) ভ্যাকসিন বা প্রতিষেধকের ব্যবহারে অটিজম হয়। কিন্তু এটি নিছকই ভুল ধারণা। এ নিয়ে বহু গবেষণা হয়েছে, কিন্তু কোন যোগসূত্র পাওয়া যায়নি। তাই ভয় পেয়ে এই ভ্যাকসিন ব্যবহার থেকে বিরত না থেকে বরং বাচ্চাকে ভ্যাকসিন দিলে সে এই রোগগুলো থেকে নিরাপদ থাকবে।",http://www.neurogenbd.com/2017/08/29/autism-knowledge/,"['August 29, 2017']",2020-09-21,www.neurogenbd.com
62,অটিজম সম্পর্কে আমাদের সবারই যা জানা প্রয়োজন,"
জন্ম পরবর্তীকালের কোন জটিলতা কিংবা শিশুর প্রতি অমনোযোগিতার ফলে এই রোগের সৃষ্টি হয় না। কাজেই কোন বাবা মা ও আত্মীয়-স্বজন নিজেদের দোষী ভাবা অথবা বাবা-মাকে দায়ী করার কোন যৌক্তিকতা নেই।",http://www.neurogenbd.com/2017/08/29/autism-knowledge/,"['August 29, 2017']",2020-09-21,www.neurogenbd.com
63,অটিজম সম্পর্কে আমাদের সবারই যা জানা প্রয়োজন,"
আক্রান্ত ব্যক্তিদের লক্ষণ ও উপসর্গের মাত্রা বিচিত্র। একজনের সঙ্গে আরেকজনের হুবহু মিল নেই। যেমন কারও আচরণ অ্যাগ্রেসিভ আবার কেউ অতিরিক্ত গুটিয়ে-থাকা স্বভাবের।",http://www.neurogenbd.com/2017/08/29/autism-knowledge/,"['August 29, 2017']",2020-09-21,www.neurogenbd.com
64,অটিজম সম্পর্কে আমাদের সবারই যা জানা প্রয়োজন,"
অটিস্টিক শিশু কখনোই পুরোপুরি সেরে উঠবে না। তারপরও, মৃদু মাত্রার অটিজম, যেমন অ্যাসপারগার সিনড্রোমের ক্ষেত্রে যথাযথ সহযোগিতা, সমর্থন ও শিক্ষা পেলে পরিণত বয়সে আত্মনির্ভরতা অর্জন করা সম্ভব। বাকীদের বেলায়, উচ্চমাত্রার অটিজমের ক্ষেত্রে পরিণত বয়সেও অন্যের সাহায্য ছাড়া কখনোই স্বনির্ভর দৈনন্দিন জীবনযাপন সম্ভব নয়।",http://www.neurogenbd.com/2017/08/29/autism-knowledge/,"['August 29, 2017']",2020-09-21,www.neurogenbd.com
65,অটিজম সম্পর্কে আমাদের সবারই যা জানা প্রয়োজন,"
কঠোরভাবে নিয়ন্ত্রিত খাদ্যাভ্যাস এবং অতি নিবিড় ইনটারভেনশন ও থেরাপির মাধ্যমে সম্পূর্ণ নিরাময়যোগ্যতার এই প্রচারণার সঙ্গে চিকিৎসক-গবেষকরা এখনও একমত হননি।",http://www.neurogenbd.com/2017/08/29/autism-knowledge/,"['August 29, 2017']",2020-09-21,www.neurogenbd.com
66,অটিজম সম্পর্কে আমাদের সবারই যা জানা প্রয়োজন,"
অটিজমে আক্রান্তদের মধ্যে কারো কারো শিক্ষা গ্রহণের ক্ষেত্রে মারাত্মক সমস্যা থাকে। কিন্তু কেউ কেউ, বিশেষত অ্যাসপারগার সিনড্রোম আক্রান্তদের অনেকেই, গণিতের মতো বিষয়ে মূলধারার শিশুদের মতোই দক্ষতা অর্জন করতে পারে। (স্মর্তব্য: অটিস্টিকদের ২০-৩০% অ্যাসপারগার সিন্ড্রোমে ভোগে)।",http://www.neurogenbd.com/2017/08/29/autism-knowledge/,"['August 29, 2017']",2020-09-21,www.neurogenbd.com
67,অটিজম সম্পর্কে আমাদের সবারই যা জানা প্রয়োজন,"
আইনস্টাইনের অটিজম থাকার প্রসঙ্গ অনেকেই জানেন এবং প্রাসঙ্গিক আলোচনায় রেফারেন্স হিসেবে ব্যবহার করতে ভালবাসেন। বাস্তবতা হলো আমেরিকায় শিশুদের প্রতি ১৫০ জনে একজন এবং অস্ট্রেলিয়ায় ১৬০ জনে একজন শিশু অটিজমে আক্রান্ত। যাদের অধিকাংশই ম্যাথ-জিনিয়াস হওয়া দূরে থাক, খুব সাধারণ দৈনন্দিন কাজকর্মেও অন্যের উপর নির্ভরশীল।",http://www.neurogenbd.com/2017/08/29/autism-knowledge/,"['August 29, 2017']",2020-09-21,www.neurogenbd.com
68,অটিজম সম্পর্কে আমাদের সবারই যা জানা প্রয়োজন,"
অটিস্টিকদের ক্ষেত্রে ডাউন সিনড্রোম, সেরিব্রাল পালসি, অন্ধত্ব, বধিরতা, বুদ্ধিপ্রতিবন্ধিতা কিংবা অন্য কোন শারীরিক সমস্যা থাকার ঘটনা অস্বাভাবিক তো নয়ই; বরং সাধারণ।",http://www.neurogenbd.com/2017/08/29/autism-knowledge/,"['August 29, 2017']",2020-09-21,www.neurogenbd.com
69,অটিজম সম্পর্কে আমাদের সবারই যা জানা প্রয়োজন,"
অটিজম কেন হয়, তার সুস্পষ্ট কারণ এখনো আবিষ্কৃত হয়নি। তবে জেনেটিক প্রভাব এ রোগের ওপর আছে। সাধারণ যেকোনো শিশুর চেয়ে যাদের ভাই বা বোনের অটিজম আছে, তাদের এ রোগ হওয়ার আশঙ্কা প্রায় ৫০ গুণ বেশি। ধারণা করা হয়, ক্রোমোজোম নম্বর 7q-এর অস্বাভাবিকতার সঙ্গে অটিজমের সম্পর্ক আছে।",http://www.neurogenbd.com/2017/08/29/autism-knowledge/,"['August 29, 2017']",2020-09-21,www.neurogenbd.com
70,অটিজম সম্পর্কে আমাদের সবারই যা জানা প্রয়োজন,"অতি দুঃখের সাথে জানাচ্ছি যে অটিজম পুরোপুরি নিরাময় করা আজ পর্যন্ত সম্ভব হয়নি। কিন্তু সঠিক টেস্ট, চিকিৎসা, থেরাপি এবং কাউন্সেলিং এর মাধ্যমে শিশুদের ৯০ থেকে ৯৫ ভাগ জীবন আচরণ স্বাভাবিক গন্ডির মধ্যে নিয়ে আসা সম্ভব। বর্তমানে দেশের অনেক শিশুই অটিস্টিক হওয়া সত্তেও স্বাভাবিক জীবনের সাথে মানিয়ে চলতে সক্ষম হচ্ছে। এই জন্য আপনাকে সবচেয়ে বেশি সাহায্য করতে পারে নিউরোজেন। আমাদের আছে দেশের সেরা থেরাপিস্ট, জেনেটিক এক্সপার্ট এবং কাউন্সিলর। তারা আপনার শিশুর সুচিকিৎসা নিশ্চিত করতে বদ্ধ পরিকর। ",http://www.neurogenbd.com/2017/08/29/autism-knowledge/,"['August 29, 2017']",2020-09-21,www.neurogenbd.com
72,নিউরোজেন – আপনার শিশুর অটিজম চিকিৎসা তে সবচেয়ে নির্ভরযোগ্য নাম,অটিজম নির্ণয় এবং অটিস্টিক শিশুর চিকিৎসায় নিউরোজেন বাংলাদেশে সবচেয়ে সেরা সার্ভিস দিয়ে থাকে। আমাদের আছে উন্নত প্রযুক্তি ও দক্ষ অটিজম স্পেশালিস্ট যারা আপনার শিশুকে সর্বোত্তম সেবা প্রদানে সক্ষম। এক নজরে দেখে নিন আমরা যে সকল সার্ভিস দিয়ে থাকিঃ,http://www.neurogenbd.com/2017/08/31/autism-treatment/,"['August 31, 2017']",2020-09-21,www.neurogenbd.com
73,নিউরোজেন – আপনার শিশুর অটিজম চিকিৎসা তে সবচেয়ে নির্ভরযোগ্য নাম,সন্তানের অটিজম সম্বন্ধে বাবা-মা নিউরোজেনের মাধ্যমে জানতে পারবেন। কোন সন্তান যদি অটিজন স্পেক্ট্রাম ডিজওর্ডারে আক্রান্ত হয় তবে সেই ব্যাপারে বাবা-মাকে বিজ্ঞানসম্মত তথ্য দেয় নিউরোজেন। তারা তখন অটিজম এবং পরিবারে এর প্রভাব সম্বন্ধে জানতে পারেন।,http://www.neurogenbd.com/2017/08/31/autism-treatment/,"['August 31, 2017']",2020-09-21,www.neurogenbd.com
74,নিউরোজেন – আপনার শিশুর অটিজম চিকিৎসা তে সবচেয়ে নির্ভরযোগ্য নাম,অটিজম স্পেক্ট্রাম ডিজঅর্ডারে আক্রান্ত সন্তানকে বেড়ে তোলার জন্য প্রয়োজনীয় কৌশল শিক্ষা দেওয়া – অটিজম আক্রান্ত শিশুর চিকিতসার জন্য প্রয়োজনীয় সেবা ও কৌশল সরবরাহ করে নিউরোজেন। শিশুদের জন্য আলাদা আলাদা থেরাপি সেশানেরও ব্যবস্থা রয়েছে নিউরোজেনে।,http://www.neurogenbd.com/2017/08/31/autism-treatment/,"['August 31, 2017']",2020-09-21,www.neurogenbd.com
75,নিউরোজেন – আপনার শিশুর অটিজম চিকিৎসা তে সবচেয়ে নির্ভরযোগ্য নাম,বাবা-মাকে প্রয়োজনীয় সমর্থন প্রদান ও আলাদা হয়ে থাকা থেকে রখা করা – যেসব বাবা-মা এর সন্তানেরা অটিজমে আক্রান্ত সেসব বাবা মা’রা যাতে মানসিক সহায়তা ও সমর্থন পেয়ে থাকে সে বিষয়ে সাহায্য করে থাকে নিউরোজেন। তাই বাবা-মা’রা সবসময় আমাদের কাছ থেকে প্রয়োজনীয় সাহায্য-সহযোগিতা পেয়ে থাকেন।,http://www.neurogenbd.com/2017/08/31/autism-treatment/,"['August 31, 2017']",2020-09-21,www.neurogenbd.com
76,নিউরোজেন – আপনার শিশুর অটিজম চিকিৎসা তে সবচেয়ে নির্ভরযোগ্য নাম,চিকিৎসার দরুন নেতিবাচক প্রভাব হ্রাস – আমরা বিহেভিয়ার থেরাপি ও কগনিটিভ বিহেভিয়ার থেরাপির মত বেশ কিছু ব্যবস্থা রেখেছি যা অটিজম চিকিৎসার দরুন নেতিবাচক প্রভাব হ্রাসে সহায়তা করে।,http://www.neurogenbd.com/2017/08/31/autism-treatment/,"['August 31, 2017']",2020-09-21,www.neurogenbd.com
77,নিউরোজেন – আপনার শিশুর অটিজম চিকিৎসা তে সবচেয়ে নির্ভরযোগ্য নাম,"অটিজম আক্রান্ত শিশু ও তাঁর পরিবারের জন্য একটা ইতিবাচক ভবিষ্যৎ গড়ে তোলা – আমাদের বিভিন্ন কার্যক্রমের মাধ্যমে আমরা অটিজম স্পেক্ট্রাম ডিজঅর্ডারে আক্রান্ত শিশু ও তাঁর পরিবারের জন্য ইতিবাচক ভবিষ্যৎ, সঠিক ভবিষ্যৎবাণী, বিশেষজ্ঞ কর্তৃক আদর্শ গাইডলাইনের ব্যবস্থা করে থাকি।",http://www.neurogenbd.com/2017/08/31/autism-treatment/,"['August 31, 2017']",2020-09-21,www.neurogenbd.com
78,নিউরোজেন – আপনার শিশুর অটিজম চিকিৎসা তে সবচেয়ে নির্ভরযোগ্য নাম,আমরা অটিজম স্পেক্ট্রাম ডিজঅর্ডার আক্রান্ত শিশু ও তাঁর পরিবারের জন্য বিভিন্ন সেবা প্রদান করে থাকি। আমরা বিশ্বাস করি প্রত্যেকটা মানুষের চাহিদা আলাদা আলাদা। প্রত্যেকের নিজস্ব শক্তির দিক ও দুর্বলতা আছে। আমরা তাই চিকিৎসা করার পাশাপাশি এসব মূল্যায়ন করে থাকি।,http://www.neurogenbd.com/2017/08/31/autism-treatment/,"['August 31, 2017']",2020-09-21,www.neurogenbd.com
79,নিউরোজেন – আপনার শিশুর অটিজম চিকিৎসা তে সবচেয়ে নির্ভরযোগ্য নাম,আমাদের বিভিন্ন প্রক্রিয়া ও সরঞ্জামাদির মাধ্যমে আমরা প্রকৃত মূল্যায়ন ও চিকিৎসা করে থাকি। আমরা যেসব প্রক্রিয়া ব্যবহার করে থাকি –,http://www.neurogenbd.com/2017/08/31/autism-treatment/,"['August 31, 2017']",2020-09-21,www.neurogenbd.com
80,নিউরোজেন – আপনার শিশুর অটিজম চিকিৎসা তে সবচেয়ে নির্ভরযোগ্য নাম,"প্রত্যেকের শক্তি, দুর্বলতা, কৌশল ইত্যাদির উপর নির্ভর করে আমরা প্রত্যেকের জন্য আলাদা আলাদা সহায়তার পরিকল্পনা করে থাকি। আমাদের লক্ষ্য হল অটিজমে আক্রান্ত শিশু ও তাঁর পরিবারের জীবনযাত্রার মান উন্নয়ন করা। আমাদের ব্যবস্থাপনাগুলোর মধ্যে রয়েছে –",http://www.neurogenbd.com/2017/08/31/autism-treatment/,"['August 31, 2017']",2020-09-21,www.neurogenbd.com
81,নিউরোজেন – আপনার শিশুর অটিজম চিকিৎসা তে সবচেয়ে নির্ভরযোগ্য নাম,"সঠিক টেস্ট, চিকিৎসা, থেরাপি এবং কাউন্সেলিং এর মাধ্যমে শিশুদের ৯০ থেকে ৯৫ ভাগ জীবন আচরণ স্বাভাবিক গন্ডির মধ্যে নিয়ে আসা সম্ভব। বর্তমানে দেশের অনেক শিশুই অটিস্টিক হওয়া সত্তেও স্বাভাবিক জীবনের সাথে মানিয়ে চলতে সক্ষম হচ্ছে। এই জন্য আপনাকে সবচেয়ে বেশি সাহায্য করতে পারে নিউরোজেন। আমাদের আছে দেশের সেরা থেরাপিস্ট, জেনেটিক এক্সপার্ট এবং কাউন্সিলর। তারা আপনার শিশুর সুচিকিৎসা নিশ্চিত করতে বদ্ধ পরিকর।",http://www.neurogenbd.com/2017/08/31/autism-treatment/,"['August 31, 2017']",2020-09-21,www.neurogenbd.com
83,ওভারিয়ান ক্যান্সার বা জরায়ুর ক্যান্সার এর পরিচিতি,জরায়ুমুখ ক্যান্সার নারীদের জন্য একটি ভয়াবহ ব্যাধি এবং বিশ্বব্যাপী নারীদের মৃত্যুর অন্যতম প্রধান কারণ। বিশ্বে প্রতি দুই মিনিটে একজন নারী জরায়ুমুখ ক্যান্সারে মৃত্যুবরণ করেন এবং প্রতি বছর ৫০ লক্ষাধিক নারী নতুন করে আক্রান্ত হন (প্রেক্ষিত ২০১০)।,http://www.neurogenbd.com/2017/08/29/about-ovarian-cancer/,"['August 29, 2017']",2020-09-21,www.neurogenbd.com
84,ওভারিয়ান ক্যান্সার বা জরায়ুর ক্যান্সার এর পরিচিতি,"জরায়ুমুখ ক্যান্সার ১৫-৪৫ বছর বয়সের নারীদের মধ্যে বেশি দেখা যায়, কিন্তু ক্যান্সারের লক্ষণ প্রকাশের প্রায় ২ থেকে ২০ বছর আগেই একজন নারী এ রোগের ভাইরাস দ্বারা আক্রান্ত হন। তবে সচেতনতার মাধ্যমে এই রোগ প্রতিরোধ করা যায়। সাধারণত অনুন্নত ও উন্নয়নশীল দেশের নারীরা স্বাস্থ্য বিষয়ে সম্পূর্ণ সচেতন না বলে এই রোগের বিস্তার বেশি। তবে উন্নত দেশের নারীরা এবিষয়ে সচেতন এবং উন্নত জীবনযাপনের কারণে অনেকটাই এই রোগ থেকে নিরাপদ। জরায়ু-মুখ ক্যান্সার শনাক্ত করার জন্য ‘পেপস স্মেয়ার টেস্ট’ রয়েছে, যা নারীরা দ্বিধাহীনভাবে গ্রহণ করতে পারেন, তবুও অনুন্নত দেশে এই টেস্ট গ্রহণ করতে অনেক পারিবারিক ও সামাজিক বাধা রয়েছে।",http://www.neurogenbd.com/2017/08/29/about-ovarian-cancer/,"['August 29, 2017']",2020-09-21,www.neurogenbd.com
85,ওভারিয়ান ক্যান্সার বা জরায়ুর ক্যান্সার এর পরিচিতি,"এ রোগ সাধারণত ২০ বছরের কম বয়সীদের নিচে হয় না। আক্রান্তরা সাধারণত ৩৫ থেকে ৫৫ বছর বয়সী হয়ে থাকেন। ৬০ বছরের পরও এ রোগ হতে পারে, তবে সংখ্যা তুলনামূলক কম। উপযুক্ত চিকিৎসায় শতভাগ আরোগ্য সম্ভব। হিউম্যান পেপিলোমা ভাইরাস (এইচপিভি) হিউম্যান পেপিলোমা বা এইচপি ভাইরাস জরায়ুমুখের ক্যানসারের একটি অন্যতম কারণ, তবে এটি একমাত্র কারণ নয়। যৌন সংযোগেও এর সংক্রমণ ঘটে থাকে। সংক্রমণের এক যুগেরও বেশি সময় ধরে জরায়ুমুখের স্বাভাবিক কোষ পরিবর্তিত হতে থাকে এবং একসময় তা ক্যান্সারে রূপ নেয়। এযাবৎ (প্রেক্ষিত ২০১০) ১০০ ধরণের এইচপি ভাইরাস শনাক্ত হয়েছে, যার বেশিরভাগই জরায়ু ক্যান্সারের জন্য অতোটা ঝুঁকিপূর্ণ নয়। তবে এইচপিভি-১৬, এইচপিভি ১৮, এইচপিভি-৬, এইচপিভি-১১ সবচেয়ে বেশি ঝুঁকিপূর্ণ। স্বাভাবিক জীবনযাপনে অভ্যস্ত নারীদের জরায়ু প্রায়ই এইচপি ভাইরাস দ্বারা আক্রান্ত হয়ে থাকে। এতে কোনো উপসর্গ থাকে না বা শারীরিক পরীক্ষায় কোনো চিহ্ন বা ক্ষত পাওয়া যায় না। এর জন্য কোনো চিকিৎসারও প্রয়োজন নেই। শরীরের রোগ প্রতিরোধ ক্ষমতাবলে ১৮-২৪ মাসের মধ্যে জরায়ু প্রায় সব এইচপি ভাইরাস থেকে মুক্ত হয়ে যায়। জরায়ুতে এইচপি ভাইরাস দীর্ঘদিন স্থায়ী হলে, জরায়ু কোষে পরিবর্তনের সূত্রপাত হয় এবং ধীরে ধীরে তা ক্যান্সারে রূপ নেয়।",http://www.neurogenbd.com/2017/08/29/about-ovarian-cancer/,"['August 29, 2017']",2020-09-21,www.neurogenbd.com
86,ওভারিয়ান ক্যান্সার বা জরায়ুর ক্যান্সার এর পরিচিতি,"পেপস স্মেয়ার টেস্ট বা প্যাপ স্মিয়ার টেস্ট, এ জাতীয় ক্যান্সার সনাক্তকরণের একটি সহজ পরীক্ষা। জরায়ুমুখ থেকে রস নিয়ে অণুবীক্ষণ যন্ত্র দিয়ে পরীক্ষা করে ক্যান্সার, ক্যান্সার হওয়ার পূর্বাবস্থা ও জরায়ুমুখের অন্যান্য রোগ যেমন প্রদাহ (ইনফ্লামেশন) সনাক্ত করা যায়। এটি একটি ব্যথামুক্ত ও সাশ্রয়ী পরীক্ষা পদ্ধতি। সাধারণত বিবাহিত নারীদের ২১ বছরের পর থেকে এ পরীক্ষা শুরু করা যেতে পারে এবং দুই বছরে একবার করে পরীক্ষা করানোর পরামর্শ দেয়া হয়। ৩০ থেকে ৬৪ বছর বয়স পর্যন্ত, যাদের ফলাফল তিনবার ‘স্বাভাবিক’ এসেছে, তাঁরা প্রতি তিন বছর পর পর এই পরীক্ষা করা উচিত। তবে চিকিৎসকের পরামর্শে এ রুটিনের পরিবর্তন হতে পারে।",http://www.neurogenbd.com/2017/08/29/about-ovarian-cancer/,"['August 29, 2017']",2020-09-21,www.neurogenbd.com
87,ওভারিয়ান ক্যান্সার বা জরায়ুর ক্যান্সার এর পরিচিতি,"সাধারণত ১০ বছর বয়সের পর থেকেই জরায়ুমুখ ক্যান্সার প্রতিরোধক এর টিকা নেয়া যায়। মোট তিন ডোজ টিকা নিতে হয়; প্রথম ডোজের এক মাস পর দ্বিতীয় ডোজ এবং প্রথম ডোজের ছয় মাস পর তৃতীয় ডোজ টিকা নিতে হয়। টিকা গ্রহণের পাশাপাশি নিয়মিত পরীক্ষা করালে জরায়ুমুখ ক্যান্সারের আক্রমণ হার কমিয়ে আনা যায়। ভাইরাস এইচপিভি-১৬, এইচপিভি-১৮, এইচপিভি-৬, এইচপিভি-১১-এর প্রতিরোধক টিকা আবিষ্কৃত হয়েছে। আমেরিকার ফুড অ্যান্ড ড্রাগ অ্যাডমিনিস্ট্রেশন (এফডিএ) নিয়মানুযায়ী নয় থেকে ২৫ বছর বয়সে এ টিকা কার্যকর হয়।",http://www.neurogenbd.com/2017/08/29/about-ovarian-cancer/,"['August 29, 2017']",2020-09-21,www.neurogenbd.com
88,ওভারিয়ান ক্যান্সার বা জরায়ুর ক্যান্সার এর পরিচিতি,"তবে, গর্ভাবস্থায় এ টিকা প্রদানের অনুমোদন নেই। এবং আক্রান্ত হয়ে ক্যান্সার সংঘটনের পর এই টিকা আর কোনো কাজে আসে না।",http://www.neurogenbd.com/2017/08/29/about-ovarian-cancer/,"['August 29, 2017']",2020-09-21,www.neurogenbd.com
89,ওভারিয়ান ক্যান্সার বা জরায়ুর ক্যান্সার এর পরিচিতি,"
তবে ঔষধি প্রতিরোধকের চেয়ে আচরণগত প্রতিরোধকের দিকে বিজ্ঞানীরা বেশি গুরুত্বারোপ করেছেন। যেমন: বাল্য বিবাহ রোধ; অধিক সন্তান প্রসব; ধুমপান করা; পানের সাথে জর্দা, সাদা পাতা, দাঁতের গোড়ায় গুল রাখা ইত্যাদি কারণে এই ক্যান্সারে আক্রান্তের সম্ভাবনা বাড়ে। অন্যদিকে, সুষম খাবার গ্রহণ; দৈনিক তিন-চারবার ফল, শাকসব্জি, তরকারি খাওয়া; পরিষ্কার-পরিচ্ছন্ন, স্বাস্থ্যসম্মত, সুশৃঙ্খল জীবনযাপন ও সামাজিক অনুশাসন মান্য করা এই রোগ প্রতিরোধে সহায়ক ভূমিকা পালন করে। এর পাশাপাশি নারীর, নিয়মিত পেপস স্মেয়ার টেস্টে অংশ নেওয়া উচিত।",http://www.neurogenbd.com/2017/08/29/about-ovarian-cancer/,"['August 29, 2017']",2020-09-21,www.neurogenbd.com
90,ওভারিয়ান ক্যান্সার বা জরায়ুর ক্যান্সার এর পরিচিতি,"জরায়ুমুখ ক্যান্সার বিশ্বব্যাপী ১২তম পরিচিত রোগের নাম। নারীদের জন্য ৫ম প্রাণঘাতী রোগের নাম জরায়ুমুখ ক্যান্সার। প্রতিলাখে প্রতিবছর ১৬ জন নারী এই রোগে আক্রান্ত হন। যাদের ৮ জনই মৃত্যুবরন করেন। আনুমানিক ৮০শতাংশ উন্নয়নশীল দেশের নারীরা এই ব্যাধিতে আক্রান্ত। ২০০৮ সালে বিশ্বব্যাপী ৪৭৩,০০০ টি জরায়ুমুখ ক্যান্সারে আক্রান্ত হবার ঘটনা জানা যায়। ২৫৩,০০০ জনের প্রতিবছরে মৃত্যু হয়। মার্কিন যুক্তরাষ্ট্রে জরায়ুমুখ ক্যান্সারে ৮ম কমন রোগ। ১৯৯৮ সালে ১২,৮০০ মার্কিন নারীর মধ্যে ৪,৮০০ জন মৃত্যুবরন করেন। ২০০৮ সালে ৩,৮৭০ জন মার্কিন নারী এই রোগে মারা যায় বলে ধারনা করা হয়।",http://www.neurogenbd.com/2017/08/29/about-ovarian-cancer/,"['August 29, 2017']",2020-09-21,www.neurogenbd.com
91,ওভারিয়ান ক্যান্সার বা জরায়ুর ক্যান্সার এর পরিচিতি,"বাংলাদেশে প্রতিবছর প্রায় ১৩,০০০ নারী নতুন করে জরায়ুমুখ ক্যান্সারে আক্রান্ত হন এবং প্রতিবছর মৃত্যুবরণ করেন প্রায় ৬,৬০০ নারী (প্রেক্ষিত ২০১০)। অর্থাৎ প্রতিদিন গড়ে সারাদেশে ১৮ জন নারী মারা যাচ্ছেন জরায়ু-মুখ ক্যান্সারে। জাতীয় ক্যান্সার গবেষণা ইনস্টিটিউট ও হাসপাতালের ক্যান্সার ইপিডেমিওলজি বিভাগ থেকে সর্বশেষ প্রকাশ করা প্রতিবেদনমতে, ২০০৫ সালে পাঁচ হাজার ৪১১ জন মোট ক্যান্সার শনাক্ত রোগীর মধ্যে নারীর সংখ্যা ছিল দুই হাজার ২৭৫ জন। এর মধ্যে জরায়ুমুখের ক্যান্সারের রোগীর সংখ্যা ছিল ৫৬১ জন।এ ক্যান্সারে আক্রান্ত ৫৬১ জনের মধ্যে ২১৩ জনেরই বয়স ছিল ৪০ থেকে ৪৯ বছর বয়সের মধ্যে। আর ২০ থেকে ২৯ বছর বয়সের মধ্যে ছিল ২৬ জন।",http://www.neurogenbd.com/2017/08/29/about-ovarian-cancer/,"['August 29, 2017']",2020-09-21,www.neurogenbd.com
92,ওভারিয়ান ক্যান্সার বা জরায়ুর ক্যান্সার এর পরিচিতি,"বাংলাদেশের বিপুল সংখ্যক নারী জরায়ুর ক্যান্সারের ঝুঁকির মধ্যে বসবাস করছেন।  অথচ  এ ব্যাপারে তাদের বেশিরভাগের কোন ধারণা নেই। আপনার পরিবারের মা খালা নানী কিংবা দাদীর যদি জরায়ুর ক্যান্সার হয়ে থাকে, তাহলে আপনারও একটা নির্দিষ্ট বয়স পর ক্যান্সারে আক্রান্ত হওয়ার সম্ভাবনা প্রবল। কিন্তু ভয়ের কারণ নেই। সঠিক সময় ক্যান্সার এর সম্ভাবনা নির্নয়ের মাধ্যমে এই ক্যান্সার প্রতিরোধ করা সম্ভব খুব সহজেই। এই জন্য প্রয়োজন জেনেটিক টেস্ট। নিউরোজেন আছে আপনার পাশে। নিউরোজেন বাংলাদেশের একমাত্র প্রতিষ্ঠান যারা জেনেটিক টেস্ট এর মাধ্যমে খুব সহজেই জরায়ুর ক্যান্সারের সম্ভাব্যতা নির্ণয় করা যাবে।",http://www.neurogenbd.com/2017/08/29/about-ovarian-cancer/,"['August 29, 2017']",2020-09-21,www.neurogenbd.com
94,"অটিজমে আক্রান্ত মানুষ সহানুভূতি বুঝতে পারে, সহমর্মিতা অনুভব করতে পারে","একটা সাধারণ ধারণা প্রচলিত আছে যে অটিজমে আক্রান্ত রোগীরা অনুভূতি বুঝতে পারেনা। বিষয়টা সেরকম নয়। এটা সত্যি যে তারা সাধারণ মানুষের মত আবেগ প্রদর্শন করতে পারেনা, কিন্তু তাই বলে তারা যে আবেগ বুঝতে পারেনা, জিনিসটা তা নয়। আর অটিজমে আক্রান্ত রোগীদের প্রতি এ ধরণের মনোভাব পোষণ করা উচিত নয়, কারণ তাতে তাদের সম্ভাব্য চিকিৎসার ব্যাঘাত ঘটতে পারে।",http://www.neurogenbd.com/2018/02/25/emotional-development-in-kids-with-autism/,"['February 25, 2018']",2020-09-21,www.neurogenbd.com
95,"অটিজমে আক্রান্ত মানুষ সহানুভূতি বুঝতে পারে, সহমর্মিতা অনুভব করতে পারে","এই সাধারণ ধারণাটা সম্বন্ধে আমাদের সন্দেহের শুরু হয় কয়েক বছর আগে থেকে, যখন আমরা কিছু অটিজম আক্রান্ত শিশুর উপর সামাজিক ও অনুভূতি বিষয়ক কিছু পরীক্ষা চালিয়ে ও তাদের পরিবারের সদস্যদের সাথে কথা বলে বুঝতে পারি যে না, অটিজমে আক্রান্ত শিশুরাও আবেগ প্রদর্শন করে, তাদেরও অনুভূতি রয়েছে। এদের মধ্যে অনেকেই আমাদের জানিয়েছেন অটিজমে আক্রান্ত ব্যক্তির আবেগ প্রদর্শনের কথা, একজন তো এটাও বলেছেন তাঁর অটিজমে আক্রান্ত বোন কিভাবে একটা পারিবারিক অন্ত্যোষ্টিক্রিয়ার অনুষ্ঠানে শোক প্রকাশ করেছিল।",http://www.neurogenbd.com/2018/02/25/emotional-development-in-kids-with-autism/,"['February 25, 2018']",2020-09-21,www.neurogenbd.com
96,"অটিজমে আক্রান্ত মানুষ সহানুভূতি বুঝতে পারে, সহমর্মিতা অনুভব করতে পারে","তবে এটা ঠিক যে অনেক ক্ষেত্রেই অটিজমে আক্রান্ত ব্যক্তি সাধারণ মানুষের মত এতটা সহজভাবে নিজেদের আবেগের বহিপ্রকাশ ঘটাতে পারেন না, তাই বলে যে তাদের আবেগের একদমই বহিঃপ্রকাশ নেই, ব্যাপারটা মোটেই এমন নয়।",http://www.neurogenbd.com/2018/02/25/emotional-development-in-kids-with-autism/,"['February 25, 2018']",2020-09-21,www.neurogenbd.com
97,"অটিজমে আক্রান্ত মানুষ সহানুভূতি বুঝতে পারে, সহমর্মিতা অনুভব করতে পারে","না, সবাই পারে না। অটিজম আক্রান্ত সেসব ব্যক্তি মধ্যে যাদের অ্যালেক্সিথিমিয়া রয়েছে, কেবলমাত্র তারাই আবেগ-অনূভূতি এসব বুঝতে পারেনা, বাকি রা আবেগের প্রকাশ করতে সক্ষম।",http://www.neurogenbd.com/2018/02/25/emotional-development-in-kids-with-autism/,"['February 25, 2018']",2020-09-21,www.neurogenbd.com
98,"অটিজমে আক্রান্ত মানুষ সহানুভূতি বুঝতে পারে, সহমর্মিতা অনুভব করতে পারে","অ্যালেক্সিথিমিয়া হচ্ছে এমন এক ধরণের মানসিক অবস্থা যার কারণে একজন ব্যাক্তি নিজের আবেগ সম্পর্কে নিজেই বুঝতে পারেনা। ফলে কখন কি আবেগ প্রকাশ করতে হবে তা সে বোঝেনা। আশ্চর্যজনক বিষয় হচ্ছে- বিশ্বের মোট জনসংখ্যার প্রায় ১০% মানুষের মধ্যে সামান্য পরিমাণে হলেও অ্যালেক্সিথিমিয়ার লক্ষণ রয়েছে। অটিজমে আক্রান্ত রোগীদের মধ্যে ৫০% এর ক্ষেত্রে এই রোগটি রয়েছে। তাই বলা যায়, প্রতি দুইজন অটিস্টিক শিশুর মধ্যে একজনের মধ্যে অ্যালেক্সিথিমিয়া থাকতে পারে।",http://www.neurogenbd.com/2018/02/25/emotional-development-in-kids-with-autism/,"['February 25, 2018']",2020-09-21,www.neurogenbd.com
99,"অটিজমে আক্রান্ত মানুষ সহানুভূতি বুঝতে পারে, সহমর্মিতা অনুভব করতে পারে","অ্যালেক্সিথিমিয়া অটিজম হবার জন্য কিছুক্ষেত্রে দায়ী বলা চলে, তবে এটাও মনে রাখতে হবে অ্যালেক্সিথিমিয়া ছাড়াও অটিজম হয়। অটিজম ও অ্যালেক্সিথিমিয়ার মধ্যকার এই সম্পর্ক বোঝার জন্য সম্প্রতি একটি আন্তর্জাতিক অটিজম অথোরিটি একটি বিশেষ পরীক্ষা চালিয়েছে। এই পরীক্ষা তারা চালিয়েছিল চার শ্রেণীর মানুষের মধ্যেঃ",http://www.neurogenbd.com/2018/02/25/emotional-development-in-kids-with-autism/,"['February 25, 2018']",2020-09-21,www.neurogenbd.com
100,"অটিজমে আক্রান্ত মানুষ সহানুভূতি বুঝতে পারে, সহমর্মিতা অনুভব করতে পারে",১. যাদের অটিজম ও অ্যালেক্সিথিমিয়া দুটোই আছে,http://www.neurogenbd.com/2018/02/25/emotional-development-in-kids-with-autism/,"['February 25, 2018']",2020-09-21,www.neurogenbd.com
101,"অটিজমে আক্রান্ত মানুষ সহানুভূতি বুঝতে পারে, সহমর্মিতা অনুভব করতে পারে",২. যাদের অটিজম আছে কিন্তু অ্যালেক্সিথিমিয়া নেই,http://www.neurogenbd.com/2018/02/25/emotional-development-in-kids-with-autism/,"['February 25, 2018']",2020-09-21,www.neurogenbd.com
102,"অটিজমে আক্রান্ত মানুষ সহানুভূতি বুঝতে পারে, সহমর্মিতা অনুভব করতে পারে",৩. যাদের অ্যালেক্সিথিমিয়া আছে কিন্তু অটিজম নেই,http://www.neurogenbd.com/2018/02/25/emotional-development-in-kids-with-autism/,"['February 25, 2018']",2020-09-21,www.neurogenbd.com
103,"অটিজমে আক্রান্ত মানুষ সহানুভূতি বুঝতে পারে, সহমর্মিতা অনুভব করতে পারে",৪. যাদের অটিজম বা অ্যালেক্সিথিমিয়ার কোনটাই নেই,http://www.neurogenbd.com/2018/02/25/emotional-development-in-kids-with-autism/,"['February 25, 2018']",2020-09-21,www.neurogenbd.com
104,"অটিজমে আক্রান্ত মানুষ সহানুভূতি বুঝতে পারে, সহমর্মিতা অনুভব করতে পারে","এই পরীক্ষার মাধ্যমে আমরা জানলাম যার মধ্যে অ্যালেক্সিথিমিয়া সহকারে অটিজম আছে, তারা আবেগ প্রকাশের ব্যাপারে অতটা স্বচ্ছন্দ নয়। কিন্তু যাদের অ্যালেক্সিথিমিয়া ছাড়া অটিজম রয়েছে তারা তুলনামূলক ভাবে বেশী আবেগ প্রকাশ করতে পারে। আবার আরেকটা পরীক্ষায় দেখা গেছে অ্যালেক্সিথিমিয়ায় আক্রান্ত রোগী অন্যের কষ্ট বা আবেগের প্রকাশ দেখলে সেক্ষেত্রে তুলনামূলকভাবে আরেকটু বেশী আবেগ প্রকাশ করে।",http://www.neurogenbd.com/2018/02/25/emotional-development-in-kids-with-autism/,"['February 25, 2018']",2020-09-21,www.neurogenbd.com
105,"অটিজমে আক্রান্ত মানুষ সহানুভূতি বুঝতে পারে, সহমর্মিতা অনুভব করতে পারে","চার শ্রেণীর মানুষের মধ্যে চালানো সেই পরীক্ষায় লক্ষ্য করা হয় শুধুমাত্র চেহারার অভিব্যাক্তি দেখে একজন মানুষের আবেগ কি অটিজমে আক্রান্ত ব্যক্তি বুঝতে পারে? দেখা যায়, অ্যালেক্সিথিমিয়ায় আক্রান্ত রোগীর সেটা বুঝতে অটিজমে আক্রান্ত রোগীর থেকে একটু বেশীই কষ্ট হয়। যদিও অটিজমে আক্রান্ত রোগিরাও বলতে গেলে সেরকম অভিব্যক্তি বুঝতে পারেন না। কারণ মানুষের চেহারার অভিব্যক্তি বুঝতে হলে চোখ আর ঠোঁটের নাড়াচাড়া লক্ষ্য করতে হয়, অটিজমে আক্রান্ত রোগীরা অত গুরুত্ব দিয়ে চোখ আর ঠোঁটের নাড়াচাড়া লক্ষ্য করতে পারেন না বিধায় তারা অভিব্যাক্তিও বুঝতে পারেন না। আবার শুধু অ্যালেক্সিথিমিয়ায় আক্রান্ত রোগী চোখ বা ঠোঁটের নাড়াচাড়া লক্ষ্য করলেও সেটা বিপরীতে কি আবেগ প্রদর্শন করতে হবে সেটা বুঝতে পারেন না।",http://www.neurogenbd.com/2018/02/25/emotional-development-in-kids-with-autism/,"['February 25, 2018']",2020-09-21,www.neurogenbd.com
106,"অটিজমে আক্রান্ত মানুষ সহানুভূতি বুঝতে পারে, সহমর্মিতা অনুভব করতে পারে","সব শেষে এটা নিশ্চিত করে বলা যায় যে, অটিজমে আক্রান্ত শিশুরা আবেগ বোঝেনা এমনটা ভাবা ঠিক নয়। এই পরীক্ষার মাধ্যমে অন্তত সেই ধারণা থেকে বের হওয়া গেছে যে অটিজমে আক্রান্ত রোগীরা মানুষের আবেগ অনুভূতি বুঝতে পারে না। তাই কেউ যদি এটা বলে থাকেন যে, অটিজমে আক্রান্ত শিশুর মধ্যে আবেগ বলতে কিছু নেই, তাহলে বলা যেতে পারে যে তাঁর ভুল হবার সম্ভাবনা ৫০%। কেননা শুধুমাত্র অ্যালেক্সিথিমিয়ায় আক্রান্ত অটিজম রোগীই এরকম আবেগ অনুভূতি বুঝতে পারেন না।",http://www.neurogenbd.com/2018/02/25/emotional-development-in-kids-with-autism/,"['February 25, 2018']",2020-09-21,www.neurogenbd.com
107,"অটিজমে আক্রান্ত মানুষ সহানুভূতি বুঝতে পারে, সহমর্মিতা অনুভব করতে পারে","এমনকি অটিজমে আক্রান্ত শিশুর ক্ষেত্রে আবেগের পরিমাণ সাধারণ ব্যক্তি, যার আলেক্সেমিয়া আছে, তার তুলনায় বেশি থাকে! যাদের শুধু অ্যালেক্সিথিমিয়া আছে কিন্তু অটিজম নেই, তারা অন্যকে দুঃখ দিয়ে কথা বললেও তাঁর সেটা মনে হবেনা যে সে দুঃখ দিয়ে কথা বলছে। কিন্তু অ্যালেক্সিথিমিয়াহীন অটিজম রোগী কিছু বলার আগে একটু হলেও ভেবে দেখবে যে সে কাউকে যা বলছে, সেটা কি তাকে দুঃখ দিতে পারে কি না।",http://www.neurogenbd.com/2018/02/25/emotional-development-in-kids-with-autism/,"['February 25, 2018']",2020-09-21,www.neurogenbd.com
108,"অটিজমে আক্রান্ত মানুষ সহানুভূতি বুঝতে পারে, সহমর্মিতা অনুভব করতে পারে",—————————————–,http://www.neurogenbd.com/2018/02/25/emotional-development-in-kids-with-autism/,"['February 25, 2018']",2020-09-21,www.neurogenbd.com
109,"অটিজমে আক্রান্ত মানুষ সহানুভূতি বুঝতে পারে, সহমর্মিতা অনুভব করতে পারে","সঠিক টেস্ট, চিকিৎসা, থেরাপি এবং কাউন্সেলিং এর মাধ্যমে শিশুদের ৯০ থেকে ৯৫ ভাগ জীবন আচরণ স্বাভাবিক গন্ডির মধ্যে নিয়ে আসা সম্ভব। বর্তমানে দেশের অনেক শিশুই অটিস্টিক হওয়া সত্তেও স্বাভাবিক জীবনের সাথে মানিয়ে চলতে সক্ষম হচ্ছে। এই জন্য আপনাকে সবচেয়ে বেশি সাহায্য করতে পারে নিউরোজেন। আমাদের আছে দেশের সেরা থেরাপিস্ট, জেনেটিক এক্সপার্ট এবং কাউন্সিলর। তারা আপনার শিশুর সুচিকিৎসা নিশ্চিত করতে বদ্ধ পরিকর।",http://www.neurogenbd.com/2018/02/25/emotional-development-in-kids-with-autism/,"['February 25, 2018']",2020-09-21,www.neurogenbd.com
111,ক্যান্সার নিয়ে কিছু কথা যা সবার জানা থাকা উচিত,"১৯৭১ সালের দিকে আমেরিকার তৎকালীন প্রেসিডেন্ট রিচার্ড নিক্সন ক্যান্সার এর বিরুদ্ধে রুখে দাঁড়ান। ক্যান্সারের গবেষণাতে বিপুল পরিমাণ টাকা খরচ করেন এবং তিনি বিশ্বাস করতেন খুব দ্রুত এই সমস্যার সমাধান হবে। কিন্তু এর ৪৪ বছর পরেও ক্যান্সার আমেরিকার জনগণের মৃত্যুর অন্যতম কারণ। যুক্তরাষ্ট্রে প্রতি বছর যত মানুষ মারা যায় তার মধ্যে ২৫% মানুষ ক্যান্সারে মারা যায়, যুক্তরাজ্যে এই হারটা ২৯%।",http://www.neurogenbd.com/2017/08/29/about-cancer/,"['August 29, 2017']",2020-09-21,www.neurogenbd.com
112,ক্যান্সার নিয়ে কিছু কথা যা সবার জানা থাকা উচিত,"১৯৫০-২০০৫ সাল, এই সময়ে ক্যান্সার এ মৃত্যুর হার কমেছে মাত্র ৫% । এক পরিসংখ্যানে দেখা গেছে ২০১৫ সালে ৫৮৯,৪৩০ মানুষ ক্যান্সারে মারা যাবে। বাংলাদেশে ১২ লক্ষ ক্যান্সার এর রোগী আছে। প্রতিবছর ২ লক্ষ মানুষ ক্যান্সার এ আক্রান্ত হয় এবং ১.৫ লক্ষ মানুষ মারা যায়। ক্যান্সার চিকিৎসার ধাপগুলো এত সময়সাপেক্ষ, ব্যয়বহুল, এবং কষ্টসাধ্য যে অনেক সময় আমাদের চিন্তায় পড়তে হয় কোনটা বেশি খারাপ – ক্যান্সার নাকি রোগ সনাক্তকরণ পরবর্তী চিকিৎসা? ১৯৭১ সালে, জেনেটিক ইঞ্জিনিয়ারিং এর বিপ্লবের আগে ক্যান্সার রোগ একটি রহস্য ছিলো।",http://www.neurogenbd.com/2017/08/29/about-cancer/,"['August 29, 2017']",2020-09-21,www.neurogenbd.com
113,ক্যান্সার নিয়ে কিছু কথা যা সবার জানা থাকা উচিত,"তবে এখন বিজ্ঞানীরা বুঝতে পেরেছেন যে ক্যান্সার মূলত আমাদের জিনের একটি রোগ। কখনও ভাইরাসের কারণে আবার কখনও রাসায়নিক বিকিরণসহ নানা কারণে ক্যান্সার হতে পারে। ক্যান্সার এর প্রাথমিক পর্যায়ে জিনের মিউটেশন ঘটে। কোষ নিজের উপর নিয়ন্ত্রণ হারিয়ে ফেলে তাই, কোষের আকার, আয়তন, এবং আচরণে পরিবর্তন দেখা দেয়। এই কোষগুলো একটা নির্দিষ্ট সময় পরপর মারা যায়। এই পুরনো কোষগুলোর জায়গায় নতুন কোষ এসে জায়গা করে নেয়। সাধারণভাবে কোষগুলো নিয়ন্ত্রিতভাবে এবং নিয়মমতো বিভাজিত হয়ে নতুন কোষের জন্ম দেয়। সাধারণভাবে বলতে গেলে যখন এই কোষগুলো কোনো কারণে অনিয়ন্ত্রিতভাবে বাড়তে থাকে তখনই ত্বকের নিচে মাংসের দলা অথবা চাকা দেখা যায়, একে টিউমার বলে। এই টিউমার বিনাইন বা ম্যালিগন্যান্ট হতে পারে আর ম্যালিগন্যান্ট টিউমারকেই ক্যান্সার বলে। ক্যান্সার রোগের বিকাশ অনেকটা সময়সাপেক্ষ ব্যাপার। উদাহরণ স্বরূপ, বছরের পর বছর সূর্যের আলোয় চামড়া পুড়লে তা এক সময় ত্বকের ক্যান্সারের কারণ হতে পারে ।",http://www.neurogenbd.com/2017/08/29/about-cancer/,"['August 29, 2017']",2020-09-21,www.neurogenbd.com
114,ক্যান্সার নিয়ে কিছু কথা যা সবার জানা থাকা উচিত,"ক্যান্সার কোষে অন্তঃত পক্ষে ৩ ধরনের জিন রয়েছে- অনকোজিন এবং টিউমার সাপ্রেসর। এই জিনগুলো যথাক্রমে গাড়ির এক্সেলেরেটর এবং ব্রেক- এই দুই জিনিসের মত করে কাজ কাজ করে। অনকোজিনের কাজ অনেকটাই গাড়ির এক্সেলেরেটরে চাপ দিয়ে ধরে রেখে গাড়ি নিয়ন্ত্রণের বাইরে নিয়ে যাওয়ার মত! এর ফলে কোষের বৃদ্ধি অস্বাভাবিক হারে বেড়ে যায়। টিউমার সাপ্রেসর ব্রেকের মত কাজ করে। যখন এই জিন কোনো কারণে কাজ করা বন্ধ করে দেয়, তখন কোষের অস্বাভাবিক বৃদ্ধি হার বন্ধ করা আর সম্ভব হয় না। ক্যান্সার জিনোম প্রকল্প ইতিমধ্যে সব ধরনের ক্যান্সার কোষের জিনের ক্রম নির্ধারণের কাজ শুরু করেছে। যেহেতু সব ধরণের ক্যান্সারের ক্ষেত্রেই মানব-জিনের ক্রম নির্ধারণ করতে হয়, এই প্রকল্পটি মানব-জিনোম প্রকপ্লের তুলনায় অনেকটাই উচ্চাভিলাষী।",http://www.neurogenbd.com/2017/08/29/about-cancer/,"['August 29, 2017']",2020-09-21,www.neurogenbd.com
115,ক্যান্সার নিয়ে কিছু কথা যা সবার জানা থাকা উচিত,ক্যান্সার জিনোম প্রোজেক্ট এর প্রথম ফলাফল প্রকাশ করা হয় ২০০৯ সালে। যেটি ছিল ত্বক এবং ফুসফুস এর ক্যান্সার এর উপর গবেষণার কিছু তথ্য। গবেষণার ফল ছিল চমকপ্রদ। ওয়েলকাম ট্রাস্ট সাঙ্গার ইন্সিটিউট এর মাইকেল স্ত্রাটন বলেন “What we are seeing today is going to transform the way that we see cancer. We have never seen cancer revealed in this form before.”,http://www.neurogenbd.com/2017/08/29/about-cancer/,"['August 29, 2017']",2020-09-21,www.neurogenbd.com
116,ক্যান্সার নিয়ে কিছু কথা যা সবার জানা থাকা উচিত,"ফুসফুসের ক্যান্সার কোষে ২৩,০০০ পৃথক মিউটেশন ঘটে। যেখানে মেলানোমা ক্যান্সার কোষে ঘটে ৩৩,০০০ মিউটেশন। একজন ধূমপায়ী এর ১৫টি সিগারেট ১টি মিউটেশনের জন্য দায়ি। ফুসফুসের ক্যান্সার এর কারণে প্রতি বছর পৃথিবীতে ১ মিলিয়ন লোক মারা যায় যার অন্যতম প্রধান কারণ ক্যান্সার। ক্যান্সার জিনোম এর মূল উদ্দেশ্য হচ্ছে জিনগতভাবে সব ধরনের ক্যান্সার এর কারণ খুঁজে বের করা। এছাড়া এ প্রোজেক্ট ক্যান্সার এর প্রতিশেধক নিয়েও কাজ করছে। বিভিন্ন নিত্যনতুন চিকিৎসা নিয়ে গবেষণা চলছে। সেগুলোর মধ্যে উল্লেখযোগ্য হচ্ছে –",http://www.neurogenbd.com/2017/08/29/about-cancer/,"['August 29, 2017']",2020-09-21,www.neurogenbd.com
117,ক্যান্সার নিয়ে কিছু কথা যা সবার জানা থাকা উচিত,এ প্রক্রিয়ায় টিউমারে রক্ত সরবরাহ বন্ধ করে দেয়া হয় যাতে এর বৃদ্ধি না ঘটে।,http://www.neurogenbd.com/2017/08/29/about-cancer/,"['August 29, 2017']",2020-09-21,www.neurogenbd.com
118,ক্যান্সার নিয়ে কিছু কথা যা সবার জানা থাকা উচিত,অনেকটা স্মার্ট বোমের মত যা ক্যান্সার কোষগুলো ধ্বংস করে দেয়।,http://www.neurogenbd.com/2017/08/29/about-cancer/,"['August 29, 2017']",2020-09-21,www.neurogenbd.com
119,ক্যান্সার নিয়ে কিছু কথা যা সবার জানা থাকা উচিত,ক্যান্সার চিকিৎসায়ে জিন থেরাপি এর নানাবিধ ব্যাবহার রয়েছে। যেমন –,http://www.neurogenbd.com/2017/08/29/about-cancer/,"['August 29, 2017']",2020-09-21,www.neurogenbd.com
120,ক্যান্সার নিয়ে কিছু কথা যা সবার জানা থাকা উচিত,ক্যান্সার চিকিৎসায়ে আমাদের এখন ও অনেক কিছু করা বাকি। সত্যি বলতে আমরা এখন কোন নির্দিষ্ট সমাধানে আসতে পারিনি। তবে ডিএনএ চিপস নিয়ে যে গবেষণা চলছে সেটি যদি আলোর মুখ দেখে তবে ক্যান্সারে মৃত্যুর হার অনেক কমে আসবে বলে মনে করা হয়। তখন হয়তো টিউমার আমাদের শরীরে সৃষ্টি হওয়ার আগেই আমরা জানতে পারবো এবং প্রয়োজনীয় পদক্ষেপ গ্রহণ করতে পারবো। নোবেল বিজয়ী ডেভিড বালটিমোর বলেছেন – “Cancer is an army of cells that fights our therapies in ways that I’m sure will keep us continually in the battle.”,http://www.neurogenbd.com/2017/08/29/about-cancer/,"['August 29, 2017']",2020-09-21,www.neurogenbd.com
121,ক্যান্সার নিয়ে কিছু কথা যা সবার জানা থাকা উচিত,"বিজ্ঞানের দুনিয়াতে অসম্ভব বলে কিছু নেই। কোনো গবেষণার ফল আমরা দেরিতে পাই, কোনো গবেষণার ফল পাই খুব দ্রুত। সেদিন খুব দূরে নয় যেদিন ক্যান্সারের মত রোগের বিরুদ্ধে আমরা সফলতার সাথে প্রতিরোধ গড়ে তুলতে পারবো।",http://www.neurogenbd.com/2017/08/29/about-cancer/,"['August 29, 2017']",2020-09-21,www.neurogenbd.com
123,ট্রি-ম্যান সিনড্রোম বা বৃক্ষমানব রোগের চিকিৎসায় যুগান্তকারী আবিস্কার করেছে নিউরোজেন,"বাংলাদেশের দক্ষিণাঞ্চলের ছোট একটি গ্রামে বাস দশ বছর বয়সী সাহানা খাতুনের। উন্নত চিকিৎসাসেবা তো বহুদূরের কথা, অজপাড়াগাঁয়ে প্রচলিত রোগবালাইয়েরই চিকিৎসা পাওয়া যায় না সেরকম। এই অবস্থাতে চার মাস আগে হঠাৎ করে সাহানার মুখে গাছের মতো দেখতে আঁচিল দেখতে পান সাহানার বাবা, তখন এটাকে সামান্য আঁচিল ভেবে গুরুত্ব দেননি তিনি। কিন্তু এরপরই আকারে বড় হতে থাকে এই আঁচিলগুলি। চিন্তিত হয়ে এরপরই চিকিৎসার জন্য সাহানাকে নিয়ে ঢাকার হাসপাতালে যান সাহানার বাবা মোহাম্মদ শাহজাহান।",http://www.neurogenbd.com/2017/09/28/tree-man-syndrom/,"['September 28, 2017']",2020-09-21,www.neurogenbd.com
124,ট্রি-ম্যান সিনড্রোম বা বৃক্ষমানব রোগের চিকিৎসায় যুগান্তকারী আবিস্কার করেছে নিউরোজেন,"সাহানা এখন ভর্তি রয়েছে ঢাকা মেডিকেল কলেজ (ঢামেক) হাসপাতালে। পরীক্ষা-নিরীক্ষার পর চিকিৎসকদের শঙ্কা, সাহানা হয়তো বিশ্বের প্রথম ‘বৃক্ষমানবী’। তাঁরা বের করেন, সাহানার এই রোগটির নাম এপিডার্মো ডিসপ্লেশিয়া ভেরুকোফরমিস। বিশ্বের হাতেগোনা কয়েকজনই ওই রোগে আক্রান্ত। এই রোগটিতে আক্রান্ত হলে হাতে ও পায়ে গাছের বাকল ও শিকড়ের মতো অংশ বের হয়।",http://www.neurogenbd.com/2017/09/28/tree-man-syndrom/,"['September 28, 2017']",2020-09-21,www.neurogenbd.com
125,ট্রি-ম্যান সিনড্রোম বা বৃক্ষমানব রোগের চিকিৎসায় যুগান্তকারী আবিস্কার করেছে নিউরোজেন,"আশ্চর্যজনক হলেও সত্যি, যে কারণে সাহানার এই রোগ, সেই রোগের কারণ উদ্ঘাটন করেছেন বাংলাদেশেরই একদন বিজ্ঞানী ও ডাক্তার! মূলত সাহানার শরীরের যে জীনের ত্রুটির কারণে এই রোগ, সে ত্রুটি আবিষ্কার করেছে বাংলাদেশের ঢাকায় অবস্থিত প্রথম জেনম সিকোয়েন্সল্যাব “নিউরোজেন”। বাংলাদেশে এই প্রথম ফুল জেনম সিকোয়েন্সের মাধ্যমে এই জীনগত ত্রুটি নির্ণয়ে বাংলাদেশের ঢাকায় অবস্থিত প্রথম জেনম সিকোয়েন্সল্যাব “নিউরোজেন” – এর প্রধান বৈজ্ঞানিক কর্মকর্তা বাংলাদেশী বংশোদ্ভূত কানাডিয়ান বৈজ্ঞানিক ডক্টর মোহাম্মদ উদ্দিন ড্যাফিলের নেতৃত্বে ঢাকার হলি ফ্যামিলি মেডিকেল কলেজের ডাঃ কে,এম, ফোরকান উদ্দিন এবং ঢাকা মেডিকেল কলেজের ডাঃ মোঃ রোবেদ আমিন এই অসাধ্য কার্য সম্পাদন করেছেন। এই কাজে সহযোগিতা করেছে কানাডার বিখ্যাত হাসপাতাল “হসপিটাল ফর সিক চিল্ড্রেন (সিককিডস)”। এখানে উল্লেখ্য যে, এই বছর অক্টোবরে আমেরিকার ফ্লোরিডায় অনুষ্ঠিত বিশ্বের প্রথম সারির জেনেটিসিস্টদের প্রধান প্লাটফর্ম “আমেরিকান সোসাইটি অব হিউম্যান জেনেটিক্স” কর্তৃক আয়োজিত ৬৭তম সায়েন্টিফিক কনফারেন্সে এই গবেষণা পেপার উপস্থাপনা করার জন্য উনারা আমন্ত্রন পেয়েছেন। বাংলাদেশের চিকিৎসাবিজ্ঞানের ইতিহাসে অন্যতম শ্রেষ্ঠ গর্বের ঘটনা বলে মানা হচ্ছে এই সাফল্যকে, যে সাফল্যের মূল কারিগর হল এই ‘নিউরোজেন’।",http://www.neurogenbd.com/2017/09/28/tree-man-syndrom/,"['September 28, 2017']",2020-09-21,www.neurogenbd.com
127,স্তন ক্যান্সার বা ব্রেস্ট ক্যান্সার সম্পর্কে প্রত্যেক নারীর যা জানা প্রয়োজন,"স্তন ক্যান্সারে নারীদের মৃত্যুর হার সবচেয়ে বেশি। সাধারণত ৫০ বছরের বেশি বয়সীদের মধ্যে এই ক্যান্সার হওয়ার ঝুঁকি সবচেয়ে বেশি। এই ক্যান্সারের ব্যাপারে সকলকে সচেতন করার চেষ্টা চালানো হচ্ছে। কারণ, শুধু নারী নয় পুরুষদের মধ্যেও স্তন ক্যান্সার দেখা দিতে পারে। যদিও পুরুষদের স্তন ক্যান্সারে আক্রান্ত হওয়ার হার খুবই কম। এক হিসেবে দেখা যায় যুক্তরাজ্যে প্রতিবছর ৪১ হাজার মহিলা স্তন ক্যান্সারে আক্রান্ত হন, সেই তুলনায় মাত্র ৩০০ জন পুরুষ এই রোগে আক্রান্ত হন।",http://www.neurogenbd.com/2017/08/29/about-breast-cancer/,"['August 29, 2017']",2020-09-21,www.neurogenbd.com
128,স্তন ক্যান্সার বা ব্রেস্ট ক্যান্সার সম্পর্কে প্রত্যেক নারীর যা জানা প্রয়োজন,৫০ থেকে ৭০ বছর বয়সী নারীদের প্রতি তিনবছর পর পর ব্রেস্ট স্ক্রিনিং বা ম্যামোগ্রাম করানো উচিত। ম্যামোগ্রাম হচ্ছে এক্স-রে’র মাধ্যমে নারীদের স্তনের অবস্থা পরীক্ষা করা। সাধারণত প্রাথমিক অবস্থায় ক্যান্সার এতো ছোট থাকে যে বাইরে থেকে সেটা বোঝা সম্ভব হয় না। কিন্তু ম্যামোগ্রামের মাধ্যমে খুব ছোট থাকা অবস্থাতেই বা প্রাথমিক পর্যায়েই ক্যান্সার নির্ণয় করা যায়। প্রাথমিক পর্যায়ে ধরা পরলে ক্যান্সার থেকে সুস্থ্য হয়ে ওঠার সম্ভাবনা থাকে। আর এই পরীক্ষার জন্য মাত্র কয়েক মিনিট সময় লাগে।,http://www.neurogenbd.com/2017/08/29/about-breast-cancer/,"['August 29, 2017']",2020-09-21,www.neurogenbd.com
129,স্তন ক্যান্সার বা ব্রেস্ট ক্যান্সার সম্পর্কে প্রত্যেক নারীর যা জানা প্রয়োজন,৫০ বছরের বেশি বয়সীদের ঝুঁকির মাত্রা সবচেয়ে বেশি। স্তন ক্যান্সারে যতোজন আক্রান্ত হন তাদের ৮০ ভাগেরই বয়স হচ্ছে ৫০-এর বেশি। সেই সাথে যাদের পরিবারে কারোর স্তন ক্যান্সার রয়েছে তাদেরও এই ক্যান্সারে আক্রান্ত হওয়ার সম্ভাবনা থাকে প্রচুর। কিন্তু বাংলাদেশে কতজন নারী এই ব্যাপারে সচেতন? কতজন টেস্ট করে দেখেন যে তাদের স্তন ক্যান্সার হওয়ার সম্ভাবনা আছে কি না?,http://www.neurogenbd.com/2017/08/29/about-breast-cancer/,"['August 29, 2017']",2020-09-21,www.neurogenbd.com
130,স্তন ক্যান্সার বা ব্রেস্ট ক্যান্সার সম্পর্কে প্রত্যেক নারীর যা জানা প্রয়োজন,"বাংলাদেশের বিপুল সংখ্যক নারী স্তন ক্যান্সার এর ঝুঁকির মধ্যে বসবাস করছেন। অথচ এ ব্যাপারে তাদের বেশিরভাগের কোন ধারণা নেই। আপনার পরিবারের মা খালা নানী কিংবা দাদীর যদি স্তন ক্যান্সার হয়ে থাকে, তাহলে আপনারও একটা নির্দিষ্ট বয়স পর ক্যান্সারে আক্রান্ত হওয়ার সম্ভাবনা প্রবল। কিন্তু ভয়ের কারণ নেই। সঠিক সময় ক্যান্সার এর সম্ভাবনা নির্নয়ের মাধ্যমে এই ক্যান্সার প্রতিরোধ করা সম্ভব খুব সহজেই। এই জন্য প্রয়োজন জেনেটিক টেস্ট। নিউরোজেন আছে আপনার পাশে। নিউরোজেন বাংলাদেশের একমাত্র প্রতিষ্ঠান যারা জেনেটিক টেস্ট এর মাধ্যমে খুব সহজেই স্তন এবং জরায়ুর ক্যান্সারের সম্ভাব্যতা নির্ণয় করা যাবে।",http://www.neurogenbd.com/2017/08/29/about-breast-cancer/,"['August 29, 2017']",2020-09-21,www.neurogenbd.com
133,অটিজম প্রতিরোধ ও প্রতিকারে আমাদের যা করণীয়,"অটিজম শব্দটি গ্রিক শব্দ থেকে আগত, যার অর্থ আত্ম বা নিজ থেকে এসেছে। শব্দটি প্রথম ব্যবহার করেন সুইস মনোবিজ্ঞানী চিকিৎসক অয়গেন বয়লার। অটিজম শিশুর মানসিক সমস্যাকে বোঝানো হয়। অটিজম কোনো রোগ নয়। এটি স্নায়ু বিকাশজনিত সমস্যার একটি বিস্তৃত রূপ বা অটিজ স্পেকট্রাম ডিসঅর্ডার নামে পরিচিত। এখানে স্নায়ু শব্দটি স্নায়ুতন্ত্র বা মস্তিষ্কের সাথে স্নায়ুর সম্পর্ক বোঝায়। বিকাশজনিত শব্দটির মাধ্যমে শিশুর বিকাশ প্রক্রিয়াকে বোঝানো হয়েছে। প্রাক শৈশবকাল থেকে এই সমস্যাটি শুরু হয়, যা শিশুর স্বাভাবিক বিকাশ প্রক্রিয়াকে বাধাগ্রস্ত করে। সাধারণত শিশুর জন্মের দেড় বছর থেকে তিন বছরের মধ্যে অটিজমের লক্ষণগুলো প্রকাশ পায়। সামাজিক সম্পর্ক, যোগাযোগ এবং আচরণের ভিন্নতাই এই সমস্যাটির প্রধান বিষয়। এ ছাড়াও অটিজম রয়েছে এমন শিশুর শারীরিক ও বুদ্ধিভিত্তিক শিক্ষণ প্রক্রিয়া সংক্রান্ত ও ইন্দ্রিয়ানুভূতি সংক্রান্ত সমস্যাও বিশেষভাবে লক্ষণীয়। এটা মনে রাখা জরুরি যে, সব অটিস্টিক শিশুই এক রকম নয়। যেমন Ñ অটিজমের কিছু সাধারণ বৈশিষ্ট্য রয়েছে, যা সব অটিস্টিক শিশুর মধ্যে কম-বেশি পরিলক্ষিত হয়। আবার কিছু বৈশিষ্ট্য রয়েছে প্রতিটি শিশুর জন্য আলাদা আলাদা হয়ে থাকে। অটিজম স্পেকট্রামে বিভিন্ন বৈশিষ্ট্যের অটিজম লক্ষ্য করা যায়।",http://www.neurogenbd.com/2017/08/29/preventing-autism/,"['August 29, 2017']",2020-09-21,www.neurogenbd.com
134,অটিজম প্রতিরোধ ও প্রতিকারে আমাদের যা করণীয়,"অটিজম স্পেকট্রামকে একটি রংধনুর সাথে তুলনা করা যায়। রংধনুতে যেমন অনেক রং থাকে, অটিজম স্পেকট্রামের তেমনি বিভিন্ন ধরনের অটিজম থাকে। এগুলোর মধ্যে একটি হলো অ্যাসর্পাজার্স সিনড্রোম। অটিজম শিশুর সামাজিক ও বাচনিক বিকাশের এক রকম প্রতিবন্ধকতা। অটিজম মস্তিষ্কের স্নায়ুবিক সমস্যা বা মস্তিষ্কের কর্মক্ষমতা ব্যাহত করে। মস্তিষ্কের অসমবিকাশ ও বিকাশগত প্রতিবন্ধকতাই অটিজম। আত্মসংবৃতি অর্থাৎ নিজের মধ্যে মগ্ন থাকা। সাধারণত কোনো কিছু শুনে শেখার চেয়ে দেখে শেখার প্রবণতা বেশি থাকে। বিশ্ব স্বাস্থ্য সংস্থা অটিজমকে একটি রোগ হিসেবে চিহ্নিত করেছে। যার সাংকেতিক নম্বর হলো এক ৮৪.০।",http://www.neurogenbd.com/2017/08/29/preventing-autism/,"['August 29, 2017']",2020-09-21,www.neurogenbd.com
135,অটিজম প্রতিরোধ ও প্রতিকারে আমাদের যা করণীয়, ,http://www.neurogenbd.com/2017/08/29/preventing-autism/,"['August 29, 2017']",2020-09-21,www.neurogenbd.com
136,অটিজম প্রতিরোধ ও প্রতিকারে আমাদের যা করণীয়,"অটিস্টিক শিশুদের কোনো বিষয়ে অসাধারণ দক্ষতা বা ক্ষমতা দেখতে পাওয়া যায়। এর সংখ্যা খুবই কম তবুও এ ধরনের বিশেষ দক্ষতা তাদের জন্য বিশেষ গুরুত্ব বহন করে এবং তাদেরকে করে তোলে অসাধারণ। এটা মনে করার কোনো কারণ নেই যে, প্রতিটি অটিস্টিক শিশুর মধ্যে এ ধরনের বিশেষ প্রতিভা থাকবে। তবে এ বিষয়ে সচেতন থাকলে তাদের সুপ্ত প্রতিভা খুঁজে বের করা সহজ হবে, শিশুটি সমাজে সমাদৃত হবে এবং তার অন্যান্য দিকের ঘাটতি কিছুটা হলেও পূরণ হবে। অটিস্টিক শিশুরা যে বিষয়টির ওপর বেশি মনোযোগ দেয় সেদিকেই তাদের প্রতিভা বিকাশিত হতে পারে। দেখা যায় ক্যালেন্ডারের দিকে মনোযোগ আছে এমন শিশুটি অনেক বিখ্যাত ব্যক্তির জন্মতারিখ বা বার সঠিকভাবে মনে রাখতে পারে। এভাবে সে অনেক তথ্য মনে রাখতে পারে। আবার একটি কঠিন ও কৌশলী কাজকে ছোট, ছোট সহজভাবে ভাগ করে এবং সেটার দিকে মনোযোগ দিয়ে তারা সেই কঠিন ও কৌশলী কাজটি সমাধান করতে পারে।",http://www.neurogenbd.com/2017/08/29/preventing-autism/,"['August 29, 2017']",2020-09-21,www.neurogenbd.com
137,অটিজম প্রতিরোধ ও প্রতিকারে আমাদের যা করণীয়,"সু-নিপুণভাবে দেখার ক্ষমতা। সু-শৃঙ্খল নিয়মনীতির ধারণা, সিকোয়েন্স প্যাটার্ন ইত্যাদি বিষয়গুলো বুঝতে ও মনে রাখতে পারা। বিস্তারিত ও মুখস্থ করার মতো বিষয় যেমনÑ গণিত, ট্রেনের সময়সূচি, খেলার স্কোর মনে রাখতে পারে। দীর্ঘমেয়াদি স্মৃতি। কম্পিউটার ও প্রযুক্তিগত দক্ষতা, সংগীত ও বাদ্যযন্ত্রের প্রতি আগ্রহ, বিশেষ পছন্দনীয় বিষয়ের প্রতি মনোযোগ। শৈল্পিক দক্ষতা অল্প বয়সে লিখিত ভাষা পড়তে পারা। বানান মনে রাখা। সততা, সমস্যা সমাধানের দক্ষতা ইত্যাদি।",http://www.neurogenbd.com/2017/08/29/preventing-autism/,"['August 29, 2017']",2020-09-21,www.neurogenbd.com
138,অটিজম প্রতিরোধ ও প্রতিকারে আমাদের যা করণীয়,"এখন পর্যন্ত তার সুনির্দিষ্ট কোনো কারণ খুঁজে পাওয়া যায়নি। তবে অটিজম বিষয়ে সচেতনতা ও জ্ঞানের পরিধি বৃদ্ধির সাথে সাথে কারণ অনুসন্ধানের কাজটিও বেড়ে চলেছে। বিভিন্ন কারণে যে অটিজম হয়ে থাকে এ বিষয়ে বর্তমানে বিজ্ঞানসম্মতভাবে প্রতিষ্ঠিত বিভিন্ন পর্যায়ে অটিজমের যে জটিল লক্ষণ দেখা যায় তা থেকে বলা যায়, একাধিক কারণে অটিজম হতে পারে। জন্ম পূর্ব ও জন্মকালীন ও জন্ম-পরবর্তী যে কোনো সময়ে জেনেটিক এবং ঝুঁকিপূর্ণ পরিবেশের প্রভাবে অটিজম হতে পারে। কোনো শিশুর মধ্যে অটিজমরে কিছু লক্ষণ থাকলেই তার অটিজম আছে এমন সিদ্ধান্ত দ্রুত নেওয়া যাবে না। কেবলমাত্র বিশেষজ্ঞ চিকিৎসকই বলতে পারবেন শিশুটির অটিজম আছে কিনা। শিশু বিশেষজ্ঞ, মনোরোগ বিশেষজ্ঞ, শিশু মনোরোগ বিশেষজ্ঞ, শিশু স্নায়ুরোগ বিশেষজ্ঞ, মনোবিজ্ঞানী কিংবা অটিজমে প্রশিক্ষণপ্রাপ্ত চিকিৎসকই অটিজম নির্ণয় করতে পারবেন।",http://www.neurogenbd.com/2017/08/29/preventing-autism/,"['August 29, 2017']",2020-09-21,www.neurogenbd.com
139,অটিজম প্রতিরোধ ও প্রতিকারে আমাদের যা করণীয়,"অটিস্টিক শিশুদের জন্য শিক্ষাদান কার্যক্রম খুবই নিবিড় ও বিশদভাবে হওয়া প্রয়োজন। সে ক্ষেত্রে বিশেষজ্ঞ পেশাজীবীদের প্রয়োজন আছে এবং শিক্ষার্থীর আচরণ, বিকাশ, সামাজিক ও একাডেমিক প্রয়োজনের ওপর ভিত্তি করে সপ্তাহে প্রয়োজনীয় কাজের জন্য কত সময় ব্যয় করতে হবে তা নির্ধারণ করা হয়। কেবলমাত্র একটি পদ্ধতিতে অটিস্টিক শিশুর শিক্ষাদান সম্ভব নয়। একসঙ্গে বা ক্রমান্বয়ে একাধিক পদ্ধতি প্রয়োগ করতে হয়। প্রয়োগিত আচরণ বিশ্লেষণ নীতিমালার ওপর ভিত্তি করে অনেকগুলো শিক্ষাদান পদ্ধতি প্রয়োগ করা হয়ে থাকে। অটিস্টিক শিশুদের সফলতার জন্য তাদের প্রতি ইতিবাচক দৃষ্টিভঙ্গি প্রয়োজন। সে জন্য ছোট ছোট সাফল্যও উল্লেখ করতে হবে এবং অটিজমের বৈশিষ্ট্যের পাশাপাশি একটি নির্দিষ্ট শিক্ষার্থীর গুণাবলী জানা থাকলে উপযুক্ত পরিকল্পনা করতে সহায়ক হবে। অটিস্টিক শিশুদের সহপাঠীদের সহযোগী বন্ধু হিসেবে সর্বদা ভাবতে হবে। সহপাঠীদের মধ্যে বন্ধুত্বের ধারণা এবং লক্ষ্য অর্জনে একতাবদ্ধ তার পরিবেশ গড়ে তোলা প্রয়োজন যাতে অটিস্টিক শিশুরা যথাযথ সম্মান, সাহায্য ও সহযোগিতা নিয়ে বেড়ে উঠতে পারে। অটিজম সংক্রান্ত শিক্ষা বা সংবেদনশীলতার প্রশিক্ষণ কোনো নিদিষ্ট শিক্ষার্থীর ওপর ভিত্তি করে হবে না, তা হতে হবে সার্বিকভাবে।",http://www.neurogenbd.com/2017/08/29/preventing-autism/,"['August 29, 2017']",2020-09-21,www.neurogenbd.com
140,অটিজম প্রতিরোধ ও প্রতিকারে আমাদের যা করণীয়,"সাধারণত সারা জীবন ধরে অটিজমের লক্ষণগুলো একজনের মধ্যে থাকতে পারে। তবে যথাযথ সাহায্য, নির্দেশনা ও উপযুক্ত শিক্ষা পেলে সময়ের সঙ্গে কিছু কিছু লক্ষণের উন্নতি হয়। যাদের মাঝে অল্প মাত্রার সমস্যা থাকে তাদের উল্লেখযোগ্য উন্নতি হয় এবং তারা মোটামুটি স্বাভাবিক জীবনযাপন করতে পারে। মাঝারি ও বেশি সমস্যাগ্রস্ত শিশুদের ক্ষেত্রে দেখা যায় যে, তারা ঠিকমতো কথা বলতে পারে না এবং নিজের যতœও নিতে পারে না। তবে প্রাথমিক পর্যায়ে শনাক্ত করা গেলে এবং নিবিড় প্রশিক্ষণ ও নির্দেশনা পেলে অটিস্টিক শিশুরা বিভিন্ন ক্ষেত্রে সাফল্য পেতে পারে। অটিস্টিক শিশুদের শিক্ষাদানের জন্য বাংলাদেশেও কয়েকটি স্বেচ্ছাসেবী সংগঠন গড়ে উঠেছে, এগুলো হলোÑ প্রয়াস, অটিজম ওয়েলফেয়ার ফাউন্ডেশন, সোয়াক, অটিস্টিক চিলড্রেন, ওয়েলফেয়ার ফাউন্ডেশন ইত্যাদি। এ ছাড়া কিছু স্কুলও প্রতিষ্ঠিত হয়েছে যারা অটিজম শিশুদের শিক্ষা ও প্রশিক্ষণে কর্মরত রয়েছে। সরকারি পৃষ্ঠপোষকতা এবং সহযোগিতা পেলে এসব প্রতিষ্ঠান আরও বেশি কার্যকরী ভূমিকা রাখতে পারবে বলে আশা করা যায়।",http://www.neurogenbd.com/2017/08/29/preventing-autism/,"['August 29, 2017']",2020-09-21,www.neurogenbd.com
141,অটিজম প্রতিরোধ ও প্রতিকারে আমাদের যা করণীয়,"অটিস্টিক শিশুদের পিতামাতারা অনেক ধৈর্যশীল হতে হবে। তাদের প্রতি সুন্দর সহজ, সরল ব্যবহার করতে হবে। কোনো কারণে অটিস্টিক শিশুরা কান্নাকাটি চেঁচামেচি করলে সাথে সাথে তাদের চাহিদা পূরণ করতে হবে। তাদের প্রতি সর্বদা হাসি, খুশি এবং চলাফেরা খেলাধুলার যেন বিঘœ না ঘটে তা সর্বদা খেয়াল রাখতে হবে। তাদেরকে স্বাধীনভাবে কাজ করতে দিতে হবে। কোনো কাজ বা সিদ্ধান্ত তাদের ওপর চাপিয়ে দেওয়া যাবে না। এদের মধ্যে যে সুপ্ত প্রতিভা আছে সেই প্রতিভা খুঁজে বের করে বিকাশের সুযোগ দিতে হবে। এ জন্য বাবা, মা, অভিভাবককে অধিক যতœশীল হতে হবে। স্কুলের শিক্ষকগণকেও একই পদ্ধতি অনুসরণ এবং অনুকরণ করতে হবে। হেলেন কেলার শিক্ষকের আদর যতেœ এবং প্রশিক্ষণে ভালো হয়ে বিশ্বকে জয় করেছিলেন। তার মতো এরাও দেশের নাগরিক। তারাও বিশ্বকে জয় করে নিজেকে প্রতিষ্ঠিত করতে পারবে। পারবে দেশ এবং সমাজ গঠন করতে এবং দেশ ও জাতিকে কিছু দিতে। তাই, অটিস্টিক শিশুকে অবহেলা না করে তাদেরকে সেবাযতœ ও ভালোবাসা দিয়ে সক্ষম ও কর্মক্ষম করে তোলা সমাজের প্রতিটি মানুষের উচিত।",http://www.neurogenbd.com/2017/08/29/preventing-autism/,"['August 29, 2017']",2020-09-21,www.neurogenbd.com
142,অটিজম প্রতিরোধ ও প্রতিকারে আমাদের যা করণীয়,"অতি দুঃখের সাথে জানাচ্ছি যে অটিজম পুরোপুরি নিরাময় করা আজ পর্যন্ত সম্ভব হয়নি। কিন্তু সঠিক টেস্ট, চিকিৎসা, থেরাপি এবং কাউন্সেলিং এর মাধ্যমে শিশুদের ৯০ থেকে ৯৫ ভাগ জীবন আচরণ স্বাভাবিক গন্ডির মধ্যে নিয়ে আসা সম্ভব। বর্তমানে দেশের অনেক শিশুই অটিস্টিক হওয়া সত্তেও স্বাভাবিক জীবনের সাথে মানিয়ে চলতে সক্ষম হচ্ছে। এই জন্য আপনাকে সবচেয়ে বেশি সাহায্য করতে পারে নিউরোজেন। আমাদের আছে দেশের সেরা থেরাপিস্ট, জেনেটিক এক্সপার্ট এবং কাউন্সিলর। তারা আপনার শিশুর সুচিকিৎসা নিশ্চিত করতে বদ্ধ পরিকর।",http://www.neurogenbd.com/2017/08/29/preventing-autism/,"['August 29, 2017']",2020-09-21,www.neurogenbd.com
144,অটিজমের লক্ষণ ছোটবেলা থেকেই শিশুদের মধ্যে বোঝা যায় এনএফওয়ান লক্ষণের মাধ্যমে,"যেসব শিশু নিউরোফিব্রোমাটোসিস টাইপ ওয়ান (অটিজমের সাথে সম্পৃক্ত রোগের লক্ষণ) এ আক্রান্ত, তারা মোটামুটি দশ মাস বয়স থেকেই পারষ্পরিক মানুষের সাথে স্বতস্ফূর্তভাবে যোগাযোগ করতে পারেনা, “মোটর প্রবলেম” নামক সমস্যার ভোগে। এই মোটর প্রবলেমই নিউরোফিব্রোমাইটোশিস টাইপ ওয়ান (এনএফ ওয়ান) ব্যধির কেন্দ্রবিন্দু। প্রতি চারজন নিউরোফিব্রোমাইটোসিস টাইপ ওয়ান-এ আক্রান্ত শিশুর মধ্যে একজন অটিজমেও আক্রান্ত, জরিপে জানা গিয়েছে।",http://www.neurogenbd.com/2018/02/25/signs-of-autism/,"['February 25, 2018']",2020-09-21,www.neurogenbd.com
145,অটিজমের লক্ষণ ছোটবেলা থেকেই শিশুদের মধ্যে বোঝা যায় এনএফওয়ান লক্ষণের মাধ্যমে,"এনএফওয়ান এ আক্রান্ত শিশুর স্নায়ুর উপর একধরণের টিউমার দেখা যায় জন্মের সময় বা জন্মের কিছু পরে, ত্বকের উপরেও কিছু দাগ দেখা যায়। এসব শিশুরা একদম ছোটবেলা থেকেই যোগাযোগ করার ক্ষেত্রে সমস্যায় ভোগে। ব্রিকবেক, ইউনিভার্সিটি অফ লন্ডনের প্রভাষক এমিলি জোনসের মতে তাদের সম্পাদিত জরিপ ও আক্রান্ত শিশুদের অভিভাবক উভয়ের পর্যালোচনাতেই দেখা গিয়েছে আক্রান্ত শিশু অনেক দেরীতে যোগাযোগ করার জন্য সাড়া দেয়।",http://www.neurogenbd.com/2018/02/25/signs-of-autism/,"['February 25, 2018']",2020-09-21,www.neurogenbd.com
146,অটিজমের লক্ষণ ছোটবেলা থেকেই শিশুদের মধ্যে বোঝা যায় এনএফওয়ান লক্ষণের মাধ্যমে,"এই এনএফওয়ান অটিজমের অনেক আগে সনাক্ত করা সম্ভব, তাই ডাক্তারদের ক্ষেত্রেও সুবিধা হয় আগে থেকে সম্ভাব্য অটিজম রোগী সনাক্তকরণের ক্ষেত্রে। ইন্ডিয়ানাপোলিসের ইন্ডিয়ানা ইউনিভার্সিটির সাইকিয়াট্রির অধ্যাপক ডঃ অনন্ত শেখরের মতে এই এনএফওয়ান অটিজম সনাক্তরকরণের একটা উপায় যখন রোগটা বিস্তারের একেবারে শুরুর দিকে থাকে।",http://www.neurogenbd.com/2018/02/25/signs-of-autism/,"['February 25, 2018']",2020-09-21,www.neurogenbd.com
147,অটিজমের লক্ষণ ছোটবেলা থেকেই শিশুদের মধ্যে বোঝা যায় এনএফওয়ান লক্ষণের মাধ্যমে,অটিজমের থেকে এনএফওয়ান সনাক্ত করাও সহজতর কেননা কেবলমাত্র একটা জিনের মিউটেশানের মাধ্যমেই এই লক্ষণের বিকাশ দেখা যায়। আগে থেকে বোঝা গেলে গবেষকরা কিংবা ডাক্তাররা অনেক আগে থেকেই এই এনএফওয়ান আক্রান্ত জিনটিকে মিউটেট করে ফেলতে পারেন।,http://www.neurogenbd.com/2018/02/25/signs-of-autism/,"['February 25, 2018']",2020-09-21,www.neurogenbd.com
148,অটিজমের লক্ষণ ছোটবেলা থেকেই শিশুদের মধ্যে বোঝা যায় এনএফওয়ান লক্ষণের মাধ্যমে,"জোনস আর তাঁর সহকর্মীরা ৩০ জন শিশুর মধ্যে গবেষণা চালান যাদের মধ্যে এনএফওয়ান লক্ষণে আক্রান্ত দশ মাস বয়সী ৬ জন মেয়ে ও ৪ জন ছেলে রয়েছে। তারা মূলত উক্ত শিশুদের সাড়া দেওয়ার ক্ষমতা, যোগাযোগ ও ভাষাগত দক্ষতা, অটিজমের লক্ষণ সম্পর্কে গুরুত্ব প্রদান করেন। এসব বিষয় থেকে পাওয়া তথ্য তারা আরও আলাদা ২৩৮টা স্বাভাবিক শিশুর কাছ থেকে পাওয়া তথ্যের সাথে তুলনা করে দেখেন।",http://www.neurogenbd.com/2018/02/25/signs-of-autism/,"['February 25, 2018']",2020-09-21,www.neurogenbd.com
149,অটিজমের লক্ষণ ছোটবেলা থেকেই শিশুদের মধ্যে বোঝা যায় এনএফওয়ান লক্ষণের মাধ্যমে,"যেসব শিশুদের এনএফওয়ান আছে তারা যোগাযোগ করার ক্ষেত্রে দেরী করে, যেমন খেলনা ধরা বা ফেরত দেওয়ার ক্ষেত্রে সাড়া প্রদান না করা, কোন বস্তু হাত দিয়ে ধরতে না পারা, বসে থাকা অবস্থান থেকে দাঁড়াতে না পারা ইত্যাদি – যা সাধারণ অন্যান্য দশ মাস বয়সী স্বাভাবিক শিশুরা করতে পারে। এই গবেষণার ফলাফল প্রকাশিত হয়েছে “মলিক্যুলার অটিজম” এ। এনএফওয়ানে আক্রান্ত শিশুদের মধ্যে সময়ের অনেক আগেই এই ভাষাগত সমস্যার কথা লক্ষ্য করা গিয়েছিল। যুক্তরাজ্যের অক্সফোর্ড ইউনিভার্সিটির ওয়েদারহল ইন্সটিটিউটের মলিক্যুলার মেডিসিনের সিনিয়র রিসার্চ ফেলো অ্যানি গোরিয়েলির মতে এসব গবেষণালব্ধ ফলাফল অত্যন্ত গুরুত্বপূর্ণ আগে থেকে অটিজমে আক্রান্ত শিশু সনাক্তকরণের ক্ষেত্রে। আগে থেকে জানা গেলে উক্ত শিশুদের পরিবারও ছোটকাল থেকেই প্রয়োজনীয় পদক্ষেপ নিতে পারে এই রোগ মোকাবিলা করার জন্য।",http://www.neurogenbd.com/2018/02/25/signs-of-autism/,"['February 25, 2018']",2020-09-21,www.neurogenbd.com
150,অটিজমের লক্ষণ ছোটবেলা থেকেই শিশুদের মধ্যে বোঝা যায় এনএফওয়ান লক্ষণের মাধ্যমে,—————————————–,http://www.neurogenbd.com/2018/02/25/signs-of-autism/,"['February 25, 2018']",2020-09-21,www.neurogenbd.com
151,অটিজমের লক্ষণ ছোটবেলা থেকেই শিশুদের মধ্যে বোঝা যায় এনএফওয়ান লক্ষণের মাধ্যমে,"সঠিক টেস্ট, চিকিৎসা, থেরাপি এবং কাউন্সেলিং এর মাধ্যমে শিশুদের ৯০ থেকে ৯৫ ভাগ জীবন আচরণ স্বাভাবিক গন্ডির মধ্যে নিয়ে আসা সম্ভব। বর্তমানে দেশের অনেক শিশুই অটিস্টিক হওয়া সত্তেও স্বাভাবিক জীবনের সাথে মানিয়ে চলতে সক্ষম হচ্ছে। এই জন্য আপনাকে সবচেয়ে বেশি সাহায্য করতে পারে নিউরোজেন। আমাদের আছে দেশের সেরা থেরাপিস্ট, জেনেটিক এক্সপার্ট এবং কাউন্সিলর। তারা আপনার শিশুর সুচিকিৎসা নিশ্চিত করতে বদ্ধ পরিকর।",http://www.neurogenbd.com/2018/02/25/signs-of-autism/,"['February 25, 2018']",2020-09-21,www.neurogenbd.com
153,বাংলাদেশী বিজ্ঞানীর গবেষণায় সনাক্ত হলো অটিজম ও অন্যান্য নিউরো ডিজঅর্ডারের জন্য দায়ী জিনঃ OTUD7A,নিউরোজেন এর অর্জনের তালিকায় যুক্ত হলো নতুন এক মাইলস্টোন। বাংলাদেশের কৃতি বিজ্ঞানী এবং নিউরোজেন এর জেনেটিক এক্সপার্ট প্যানেলের প্রধান জনাব মোহাম্মদ ঊদ্দিন ড্যাফিল এর গবেষণায় সনাক্ত হলো অটিজম ও অন্যান্য নিউরো ডিজঅর্ডারের জন্য দায়ী জিন- OTUD7A.,http://www.neurogenbd.com/2018/02/06/otud7a/,"['February 6, 2018']",2020-09-21,www.neurogenbd.com
154,বাংলাদেশী বিজ্ঞানীর গবেষণায় সনাক্ত হলো অটিজম ও অন্যান্য নিউরো ডিজঅর্ডারের জন্য দায়ী জিনঃ OTUD7A,"15q13.3 ডিলিশন সিনড্রোম হচ্ছে ক্রোমোজম ১৫-র একটি নির্দিষ্ট অবস্থান যেখানে অটিজম আক্রান্ত ব্যক্তির অনেকগুলো জিন ক্ষয়ে যায় বা অসম্পূর্ণ থাকে। মূলত এই অসম্পূর্ণ জিনগুলোর কারণেই অটিজম, বুদ্ধি প্রতিবন্ধকতা, এপিলেপ্সি, স্কিজোফ্রেনিয়া ও অন্যান্য মানসিক বিকাশজনিত সমস্যা দেখা দেখা দেয়। এক গবেষণায় দেখা গেছে, বিশ্বজুড়ে নিউরোডেভেলপমেন্টাল ডিজঅর্ডারে আক্রান্ত রোগীদের মধ্যে ০.৫% এর ক্ষেত্রে 15q13.3 ক্রোমোজম অসম্পূর্ণতা (বা ডিলিশান) থাকে। কিন্তু এই সিনড্রোমগুলো 15q13.3 ক্রোমোজমের কোন জিনের জন্য হচ্ছে তা খুঁজে বের করা ছিলো একটি কঠিন ও সময়সাপেক্ষ কাজ। এই জিন সম্পর্কে না জানার কারণে ড্রাগ টার্গেট এর ধারণা করা বিজ্ঞাণীদের জন্য মুশকিল ছিলো। কিন্তু আশার কথা হচ্ছে অবশেষে বাংলাদেশি বংশোদ্ভুত একজন বিজ্ঞানী এই জিন সনাক্ত করতে সমর্থ হয়েছেন। কিন্তু কিভাবে তা সম্ভব হলো? চলুন, জেনে নেওয়া যাক-",http://www.neurogenbd.com/2018/02/06/otud7a/,"['February 6, 2018']",2020-09-21,www.neurogenbd.com
155,বাংলাদেশী বিজ্ঞানীর গবেষণায় সনাক্ত হলো অটিজম ও অন্যান্য নিউরো ডিজঅর্ডারের জন্য দায়ী জিনঃ OTUD7A,"কানাডার “হসপিটাল ফর সিক চিলড্রেন (সিক কিডস)” এর বিজ্ঞানী মোহাম্মদ ঊদ্দিন ড্যাফিল, গত তিন বছর যাবত গবেষণা করছেন 15q13.3 ক্রোমোজমের টার্গেট জিনটি সন্তাক্ত করার জন্য। অবশেষে তিনি এই জিনটি সফলভাবে আবিষ্কার করেছেন, যার নাম OTUD7A। OTUD7A সাধারণত মানবশরীরের সেল লাইন ও মগজের টিস্যু নিয়ে কাজ করে। ডা: মোহাম্মদ ড্যাফিল কৃত্রিমভাবে কোষের ভেতর OTUD7A জিনের মিউটেশান বা ত্রুটি প্রয়োগ করে দেখতে পান নিউরন বা মগজের কোষের অস্বাভাবিক পরিবর্তন হচ্ছে। জিনের মিউটেশান বা ত্রুটি দূর করে তাকে আবার স্বাভাবিকরুপে ফিরিয়ে আনলে, নিউরন বা মগজের কোষগুলো স্বাভাবিকভাবে বেড়ে ওঠে। ফলে এই গবেষণা থেকে নিশ্চিত হওয়া গেছে যে নিউরনের এই অস্বাভাবিক পরিবর্তনের কারণেই 15q13.3 ডিলিশান সিনড্রোম হয়ে থাকে। এই কাজে কৃতি বিজ্ঞানী ডঃ মোহাম্মদ উদ্দিন ড্যাফিল কে আরো সহযোগিতা করেছে কানাডার ম্যাকমাস্টার ইউনিভার্সিটি, দুবাইয়ের মোহাম্মদ বিন রাশিদ ইউনিভার্সিটি ও নিউক্যাসলের নিউরোসাইন্স ইনস্টিটিউট।",http://www.neurogenbd.com/2018/02/06/otud7a/,"['February 6, 2018']",2020-09-21,www.neurogenbd.com
156,বাংলাদেশী বিজ্ঞানীর গবেষণায় সনাক্ত হলো অটিজম ও অন্যান্য নিউরো ডিজঅর্ডারের জন্য দায়ী জিনঃ OTUD7A,জেনেটিক স্বাস্থ্য বিষয়ক ,http://www.neurogenbd.com/2018/02/06/otud7a/,"['February 6, 2018']",2020-09-21,www.neurogenbd.com
157,বাংলাদেশী বিজ্ঞানীর গবেষণায় সনাক্ত হলো অটিজম ও অন্যান্য নিউরো ডিজঅর্ডারের জন্য দায়ী জিনঃ OTUD7A,এবং ,http://www.neurogenbd.com/2018/02/06/otud7a/,"['February 6, 2018']",2020-09-21,www.neurogenbd.com
158,বাংলাদেশী বিজ্ঞানীর গবেষণায় সনাক্ত হলো অটিজম ও অন্যান্য নিউরো ডিজঅর্ডারের জন্য দায়ী জিনঃ OTUD7A,।,http://www.neurogenbd.com/2018/02/06/otud7a/,"['February 6, 2018']",2020-09-21,www.neurogenbd.com
159,বাংলাদেশী বিজ্ঞানীর গবেষণায় সনাক্ত হলো অটিজম ও অন্যান্য নিউরো ডিজঅর্ডারের জন্য দায়ী জিনঃ OTUD7A,"সম্প্র্তি ঢাকায় অবস্থিত জিনোমিক বায়োটেকের প্রধান বৈজ্ঞানিক গবেষক ও পরামর্শক, কৃতি বিজ্ঞানী ডা: মোহাম্মদ ড্যাফিলকে বাংলাদেশে নিউরো ডিজঅর্ডারের চিকিৎসা ব্যবস্থার উন্নয়ন প্রসঙ্গে প্রশ্ন করা হলে তিনি বলেন, “বিদেশের উন্নত অবস্থানে, উন্নত পরিবেশে থেকে কিছু করার তুলনায় আমি বাংলাদেশের চ্যালেঞ্জিং পরিবেশে দেশের জন্য এই ক্ষেত্রে উন্নয়নে ভূমিকা রাখতে আগ্রহী। এই জন্য ",http://www.neurogenbd.com/2018/02/06/otud7a/,"['February 6, 2018']",2020-09-21,www.neurogenbd.com
160,বাংলাদেশী বিজ্ঞানীর গবেষণায় সনাক্ত হলো অটিজম ও অন্যান্য নিউরো ডিজঅর্ডারের জন্য দায়ী জিনঃ OTUD7A," এর মতো উঠতি বায়োটেক টিমের সাথে সম্পৃক্ত হয়ছি, যারা অটিজমে আক্রান্ত শিশুদের মানসিক স্বাস্থ্যের উন্নয়নে নিরলস কাজ করে চলেছে”। বলা বাহুল্য, যেকোনো জিনগত অসুখ সনাক্তকরণ ও বিভিন জেনেটিক পরীক্ষা নিরীক্ষা করার জন্য দেশের অন্যতম সেরা প্রতিষ্ঠান হলো এই নিউরোজেন।",http://www.neurogenbd.com/2018/02/06/otud7a/,"['February 6, 2018']",2020-09-21,www.neurogenbd.com
161,বাংলাদেশী বিজ্ঞানীর গবেষণায় সনাক্ত হলো অটিজম ও অন্যান্য নিউরো ডিজঅর্ডারের জন্য দায়ী জিনঃ OTUD7A,"নিউরোজেন প্রতিষ্ঠার ধারণাটা সবার আগে এসেছিল ২০১৫ সালের মাঝামাঝিতে। শুরুতে একজন ব্যবস্থাপনা পরিচালক, চিফ অপারেটিং অফিসার ও একজন ক্লিনিক্যাল বিজ্ঞানী এর সমন্বয়ে নিউরোজেন প্রতিষ্ঠিত হলেও, বর্তমানে এটি বাংলাদেশে জেনেটিক সায়েন্সের উন্নয়ন যাত্রায় অগ্রগণ্য ভূমিকা পালন করে যাচ্ছে। নিউরোজেন এর বিশেষজ্ঞরা বাংলাদেশের অটিজমে আক্রান্ত শিশুদের মানসিক স্বাস্থ্যের উন্নয়নে বিভিন্ন ধরণের অ্যাসেসমেন্ট, থেরাপি ও জেনেটিক কাউন্সেলিং করে থাকে। সেই সাথে এখানে জেনেটিক টেস্ট দ্বারা ব্রেস্ট ও ওভারিয়ান ক্যান্সার হওয়ার সম্ভাবনা নির্ধারণ ও নিরাময়ের কাজও হয়ে থাকে। তাছাড়া এ পর্যন্ত বিভিন্ন দুরারোগ্য ব্যধির পেছনে দায়ী জিন সনাক্ত করতে সমর্থ হয়েছে নিউরোজেন এর গবেষকরা।",http://www.neurogenbd.com/2018/02/06/otud7a/,"['February 6, 2018']",2020-09-21,www.neurogenbd.com
162,বাংলাদেশী বিজ্ঞানীর গবেষণায় সনাক্ত হলো অটিজম ও অন্যান্য নিউরো ডিজঅর্ডারের জন্য দায়ী জিনঃ OTUD7A,আপনার যেকোনো জিনগত সমস্যায় জেনেটিক টেস্টিং এবং কাউন্সেলিং এর প্রয়োজনে কথা বলার জন্য আজই নিউরোজেন এর বিশেষজ্ঞদের ,http://www.neurogenbd.com/2018/02/06/otud7a/,"['February 6, 2018']",2020-09-21,www.neurogenbd.com
163,বাংলাদেশী বিজ্ঞানীর গবেষণায় সনাক্ত হলো অটিজম ও অন্যান্য নিউরো ডিজঅর্ডারের জন্য দায়ী জিনঃ OTUD7A,।,http://www.neurogenbd.com/2018/02/06/otud7a/,"['February 6, 2018']",2020-09-21,www.neurogenbd.com
164,বাংলাদেশী বিজ্ঞানীর গবেষণায় সনাক্ত হলো অটিজম ও অন্যান্য নিউরো ডিজঅর্ডারের জন্য দায়ী জিনঃ OTUD7A,– বাংলাদেশের সর্বপ্রথম ,http://www.neurogenbd.com/2018/02/06/otud7a/,"['February 6, 2018']",2020-09-21,www.neurogenbd.com
165,বাংলাদেশী বিজ্ঞানীর গবেষণায় সনাক্ত হলো অটিজম ও অন্যান্য নিউরো ডিজঅর্ডারের জন্য দায়ী জিনঃ OTUD7A,"
– এ পযন্ত ৪০০ এর অধিক ADOS 2 পরীক্ষা করা হয়েছে এখান থেকে।",http://www.neurogenbd.com/2018/02/06/otud7a/,"['February 6, 2018']",2020-09-21,www.neurogenbd.com
166,বাংলাদেশী বিজ্ঞানীর গবেষণায় সনাক্ত হলো অটিজম ও অন্যান্য নিউরো ডিজঅর্ডারের জন্য দায়ী জিনঃ OTUD7A,"
– প্রায় ২০টি আইকিউ টেস্ট করেছেন নিউরোজেন এর বিশেষজ্ঞরা।",http://www.neurogenbd.com/2018/02/06/otud7a/,"['February 6, 2018']",2020-09-21,www.neurogenbd.com
167,বাংলাদেশী বিজ্ঞানীর গবেষণায় সনাক্ত হলো অটিজম ও অন্যান্য নিউরো ডিজঅর্ডারের জন্য দায়ী জিনঃ OTUD7A,"
– ৫০টির অধিক মত array test করেছে নিউরোজেন।",http://www.neurogenbd.com/2018/02/06/otud7a/,"['February 6, 2018']",2020-09-21,www.neurogenbd.com
